"#Wavelength in nm, units in L, dB/km; email from Armadillo SIA based on request on ceramoptec.com",,,,,,
Wavelength,UVNSS,UVNS,WFNS,UVWFS-1,UVWFS-2,UVWFS-3
300,123.6840414,126.6322385,139.6104672,210.9685751,157.1235854,183.3678086
301,121.669225,125.9437577,135.4185912,205.315988,153.3660997,178.5439823
302,119.74603,123.4592347,132.0309646,200.4999619,149.7732289,172.9563651
303,117.5083497,120.4914704,127.5660625,195.7588737,146.8727665,167.0938217
304,115.3485913,118.2438521,124.6600978,190.0161234,143.7252674,163.4858228
305,114.1617455,117.119017,121.9315044,185.4345911,140.7153865,159.627363
306,112.5905793,115.3511676,119.8001232,182.4693436,137.8815229,155.123494
307,110.4094768,113.2656345,117.7579192,179.6328727,136.1285249,151.6682765
308,108.4451495,111.3486205,116.0858536,175.4979792,133.8926877,148.2734437
309,106.7255941,110.3139194,114.8745854,170.9571181,131.0254942,144.5117295
310,103.9050682,109.6001416,112.4167074,167.1128636,128.4388801,141.016573
311,100.9976739,107.9976307,109.6391464,164.0491445,126.7359359,137.0411466
312,99.42124348,106.0168656,108.5266493,160.4867792,124.2942769,134.3598727
313,98.23194546,103.3008289,107.2297247,156.8307152,122.1054663,131.6898982
314,97.60943199,102.3991916,106.4768091,153.5282496,120.3868621,129.0273297
315,95.77033556,102.8497596,104.3632855,151.2122005,119.8132093,125.2067966
316,93.08218369,102.4177135,102.6252453,148.464726,117.6722562,123.5268985
317,90.99240347,100.8991074,100.7469049,145.027155,115.390531,121.3096004
318,89.52435324,99.03810428,99.80566951,141.9282253,114.0307057,121.3141461
319,87.97260618,97.05286483,98.34518419,139.6054521,112.4356431,119.7137652
320,86.73382119,96.18305037,96.67511492,138.2455366,110.0084451,117.680991
321,85.43899642,95.34813591,93.64081347,136.0050264,108.4818699,115.4175798
322,83.06255205,93.87169823,91.65685246,133.8126167,107.4046528,113.7590234
323,81.89212466,90.44928451,92.18722799,131.1301131,105.9718995,111.2838216
324,80.94471185,89.65994448,92.08279129,127.0445864,104.390785,108.309768
325,79.82954811,88.2363315,89.64260762,125.5579461,102.1082891,107.341532
326,78.18641501,87.80512845,86.82178727,123.4972882,101.6712297,106.2507191
327,76.87557859,85.36839169,84.95918641,122.58037,101.2523652,104.9250462
328,75.93228405,84.94461742,84.49673586,120.1053321,99.03429553,104.0673818
329,75.25782546,84.8618426,82.96821188,117.4129822,96.83050363,103.4925679
330,73.31619186,84.92360352,81.96268349,114.8031018,95.37220751,102.1459396
331,71.24819118,85.26624366,80.77602345,113.35184,95.08002664,100.6661168
332,70.61513918,83.8375721,78.96335153,112.7606793,94.12346604,97.34859367
333,70.01107869,81.81704986,78.24023831,112.0293967,92.62985249,96.09181238
334,68.41634448,79.38020914,77.61225207,110.9927607,91.74593293,95.59767425
335,67.28884394,78.80277729,76.24996689,108.5753621,90.61668775,95.17376875
336,65.86478163,78.77146767,75.17775751,106.0390424,88.06592962,93.18984796
337,64.19180562,78.53387637,74.0674514,104.3401963,85.89304896,92.14306961
338,63.08289003,75.61258862,73.25294427,102.3946296,85.96795208,91.73456842
339,63.04434608,72.66411537,72.37482101,99.51241525,85.26383384,89.9782217
340,63.15583204,71.07966444,71.72968623,97.80649432,84.81603397,87.222399
341,62.76132538,72.63602184,70.5258188,97.1920118,84.58003677,85.04942954
342,60.5657302,72.09942292,68.8810889,96.91516056,82.35894433,85.11578797
343,58.70187694,70.3825419,66.81583575,94.67531258,80.41543725,86.31389933
344,58.0051936,70.48218025,65.23345882,92.85959117,80.00097525,84.6492203
345,57.42003239,68.81760311,65.53892566,93.28652669,79.67484837,84.05519572
346,55.47560084,68.19905747,65.632746,92.9484136,79.61073199,83.01260917
347,54.99585228,66.73548759,64.96748503,90.10781076,78.96698344,81.7327323
348,55.54782953,65.61953982,64.7367966,87.00332987,77.06657812,79.92326058
349,55.62536488,64.42362639,61.73967207,85.05977388,75.88334433,78.60318346
350,54.77321065,64.14114259,59.22220826,82.76858168,76.33936715,77.72125103
351,53.4739856,64.0053233,59.39405535,80.8791594,74.68557009,76.48588371
352,51.97599405,63.42708325,59.72440479,80.86104576,72.51632007,74.60416665
353,51.11350354,62.0587313,59.41958134,80.28356179,71.57502376,74.09452856
354,50.16699414,62.0570204,58.20295317,78.63018863,71.71029649,73.17061457
355,50.03040097,61.05595181,57.0970406,75.92649024,72.8216055,71.96043213
356,48.10907883,60.60469748,57.29766979,74.18202241,72.98687947,70.67039274
357,46.38474314,60.98135801,56.72241061,73.68724465,70.48626465,70.15971082
358,44.97584028,61.16096697,55.80666734,73.06283035,70.54486768,69.13374944
359,45.19580384,61.2512039,56.39068086,73.43587481,69.62226359,69.18721021
360,44.45167719,59.11487057,54.9497487,72.67328766,67.13480032,67.36099927
361,43.6576302,56.78956513,52.76931023,71.079578,67.29833018,66.57658649
362,43.77530142,56.76535265,51.91684686,69.12071945,67.49238387,65.4107463
363,42.69906655,54.67048129,51.74938958,67.06047242,66.17450984,64.21795597
364,43.96818572,55.36288972,52.55903458,66.72707423,66.30932759,64.25777217
365,43.13780913,54.55410917,52.3387961,66.14628503,65.70979485,64.20993245
366,42.79759834,53.84742086,51.08041455,66.60824475,64.49871786,62.06258945
367,42.09061523,53.17544115,49.32801085,66.69025825,63.55046591,61.26490768
368,40.90905399,51.80732571,48.07359968,65.47870715,62.10184377,61.46874405
369,40.07984191,50.22692927,47.84481601,64.71499659,59.97983196,60.89749841
370,39.26869367,48.33721247,47.48131961,61.53087158,58.77700635,59.01508529
371,37.60136901,47.63207069,47.08853187,60.174725,58.9868346,57.3713978
372,37.23262106,47.60794041,46.84342429,60.03515138,60.55672639,56.49543095
373,37.07383316,47.44739204,46.28824569,60.08701054,59.86785679,56.84332359
374,37.19295021,48.17594085,46.61812912,59.14433637,57.53826274,56.47787863
375,36.31645661,48.34809355,46.42265058,57.48748241,56.0478645,56.53157558
376,34.82661036,47.86990325,47.04957224,56.98045916,55.65830027,56.06725621
377,33.95320204,48.58872976,47.71384674,56.52208493,53.64653989,55.05093667
378,34.40509149,48.7930166,46.26098559,57.49800005,52.48191337,53.37112116
379,35.328968,48.47675108,45.04758614,57.02098555,52.78489559,52.3501367
380,33.81063247,45.99216899,43.81036386,55.77319081,52.9052713,52.3173524
381,33.51405717,44.31068304,43.19673498,54.37032626,52.90508473,52.67689048
382,30.72916408,44.60571089,42.00090047,53.96015092,53.9412757,52.26566729
383,30.16565427,46.92164325,41.84954897,55.32287444,53.22898006,51.90891027
384,32.26801647,44.76832773,42.24244334,54.79711296,53.15766955,49.73645897
385,33.40025259,43.16543228,43.26596004,53.48156675,51.67169566,47.92124624
386,33.09385726,41.92095154,41.67973455,53.13225308,49.12832491,48.38639339
387,32.72980397,42.62953605,40.3315112,52.94764596,48.7813512,48.00018502
388,32.27377886,40.51812743,39.50202614,53.64663815,50.34561077,49.38729317
389,32.38922443,38.36259562,40.01962077,53.01605124,49.32014697,50.06893479
390,32.70198148,37.13501693,40.12093196,51.06415244,47.96409383,48.29032807
391,31.83586418,38.20514622,40.69051616,50.60244135,47.04707728,47.13950825
392,29.95682837,39.41143729,41.01779792,51.52398066,46.94232179,47.40252327
393,29.58441096,39.72216385,41.78909003,51.45569346,45.11582553,47.21719441
394,28.40143866,38.48645313,39.74417039,48.42427456,43.75808737,45.47040859
395,26.94904727,37.3034379,37.65124117,47.85209359,42.36954406,42.50621616
396,26.1327403,39.16783467,36.06405475,46.42733337,39.83307372,41.87564692
397,27.6788477,39.92574482,35.38806243,47.5538769,40.82616602,44.02726012
398,28.32458143,39.74572107,36.35514095,48.11737301,42.18213129,44.20831711
399,26.93700375,39.70799079,36.72727392,48.23512071,41.34975602,44.43751717
400,26.22523591,39.2545765,37.25862047,44.65899834,41.76209755,42.23734752
401,26.21861137,38.87217008,37.00618832,44.47225593,40.04114376,41.90652411
402,24.92663308,36.34683121,36.59722107,43.95241992,39.06586891,42.09974858
403,23.30179347,34.96202469,36.08470151,43.84977698,38.50491637,41.60681879
404,23.49255817,34.11072513,35.57157503,44.58102509,37.80589344,40.07847083
405,24.56756302,33.40899695,34.78446563,44.88058996,38.6901886,40.22294084
406,22.22257163,33.47390385,34.71846306,46.08229255,38.44817714,39.85281868
407,23.9987884,32.47923245,35.43517116,47.20470513,36.87131552,39.26829032
408,24.56445438,32.07820597,33.31093994,45.35925365,35.95988426,39.14106832
409,23.94286233,31.57283081,32.07299328,44.20728552,36.33501955,38.39397226
410,22.81460304,31.06287655,33.57529781,42.24473686,36.15504883,38.0689648
411,21.66885161,30.66241809,34.28249078,41.89152035,35.25457254,38.05372391
412,21.29337594,30.51269318,34.33930661,41.28525518,35.15427158,38.1748327
413,21.63699712,30.27865593,33.93292245,40.32291433,35.16121911,37.30346076
414,23.81603124,30.48455211,33.73227796,40.58061003,34.28772196,36.45365041
415,23.35349231,30.49860825,31.35273244,40.87210176,33.74707993,36.04450548
416,20.64953739,30.00751032,30.49814886,40.41485816,33.55527136,35.45790908
417,21.00439554,29.11031207,33.00276653,38.10691847,33.57496909,35.14231257
418,22.84160338,28.4197254,33.30713963,36.20294543,32.99107659,34.53486725
419,21.41071126,28.26068081,33.55869993,35.70842352,32.58662858,34.31437171
420,21.61060707,28.28861181,33.33775939,34.85827884,32.37779661,33.75398647
421,20.26461891,28.07066419,32.7278651,35.48943266,32.52108028,33.30207678
422,19.38210933,27.62384953,31.11855316,36.10040781,32.05286345,32.96669989
423,19.59009284,27.07093036,28.64950207,37.96309898,31.15314415,32.2158364
424,17.62397342,26.7795994,28.57966591,36.83922497,30.96210628,31.79790243
425,18.14427912,26.65846527,28.32520732,34.65935823,31.36287266,31.38212303
426,20.68944257,26.34824554,28.03763846,32.35151486,31.09128606,31.2399973
427,21.85828193,26.4583091,27.83658311,32.02234464,30.41693763,30.59923174
428,18.28495438,26.18477488,27.49238333,31.99464969,29.97122926,29.9514204
429,18.49209612,25.91634207,27.10443358,33.93133435,29.66619801,29.65397976
430,20.75725787,25.59466648,26.75210796,36.36672586,29.26148866,29.1770405
431,20.09157277,25.31908958,26.45712987,34.62692066,29.10497,29.1785974
432,19.45335706,25.15135713,26.18651186,32.28347301,28.90856008,28.88550598
433,19.83938016,24.81815238,25.9830865,30.52554104,28.92093183,28.7946311
434,19.87212661,24.42082074,25.74685417,27.92239591,28.52256984,28.19951907
435,19.67404256,24.22926385,25.3762019,26.9944657,27.78998675,27.61955996
436,18.70208771,23.93519006,25.18160444,28.04310378,27.78627851,27.09742456
437,17.79302091,23.76755163,25.00126003,27.19543273,27.72054412,26.82194721
438,17.78837248,23.67159815,24.7162718,26.20751073,27.57859665,26.50613745
439,16.99627089,23.51686539,24.33382632,26.16180777,27.2534159,26.32007547
440,20.40555472,23.38356087,24.06969506,27.72043964,26.78344219,25.78962415
441,18.6038216,23.15851745,23.99422218,26.39113157,26.60050802,25.64665753
442,22.42203094,22.84251388,23.80556425,25.88973429,25.84964776,25.50543087
443,22.1364208,22.66492408,23.50536094,29.1797445,25.54950874,25.34590966
444,20.18268854,22.45088298,23.25527846,30.05252976,25.43551979,24.84903264
445,19.20852935,22.08050014,22.99004666,28.17088718,25.24425767,24.38606721
446,17.46784925,21.92938388,22.83215914,26.98950282,25.02304902,24.03526339
447,18.23177135,21.8598283,22.46022562,24.4582739,24.7710762,23.93252899
448,21.14594945,21.71254069,22.30084981,23.94516233,24.49344458,23.86759894
449,22.6010071,21.5424787,22.02027075,25.00819082,24.45518362,23.6404299
450,21.18325649,21.27902191,21.91070394,23.96316968,24.24255193,23.43697108
451,21.57111089,21.03614818,21.69739274,23.08818292,23.97380932,23.18892147
452,21.23690867,20.76745825,21.47992972,22.38804242,23.8198893,22.85846612
453,19.95548022,20.57508447,21.24133719,22.41191341,23.57381793,22.56851988
454,20.09074247,20.48144646,21.03798582,21.79571939,23.31569831,22.37508048
455,20.11811863,20.30569009,20.89270158,23.59069539,22.99786497,22.1687136
456,19.47831244,19.93482163,20.65565314,22.43256781,22.7743335,21.9399008
457,19.07990901,19.68293451,20.43085274,22.36943649,22.55969484,21.86089022
458,19.65759396,19.55819911,20.22805171,22.14328565,22.49816307,21.75896081
459,18.60923601,19.40428623,20.03976094,21.86768979,22.28713977,21.58067183
460,18.58427589,19.25885967,19.80332941,21.65396852,22.02175362,21.32882311
461,18.5070067,19.01862875,19.65447007,21.44103048,21.88623757,21.14042114
462,18.72739538,18.8252527,19.46375957,21.20208827,21.70617053,20.95446278
463,18.75960732,18.61348389,19.30548057,20.9199556,21.47187544,20.72718203
464,18.83226536,18.37031795,19.1306135,20.89814731,21.32845661,20.54025384
465,18.56048338,18.21876308,18.96268571,20.72877535,20.96821718,20.41268766
466,18.71481074,18.12810052,18.747675,20.6047475,20.76102589,20.21158062
467,17.5108938,17.963561,18.57106498,20.46783369,20.54727972,20.02098047
468,17.52615468,17.77904678,18.37570085,20.14529596,20.49385509,19.80148514
469,17.39883679,17.68862799,18.20825515,19.86803235,20.48915298,19.64309185
470,17.13565535,17.58469768,18.10175231,19.70530587,20.3125527,19.60370779
471,17.09895194,17.39157631,17.91875314,19.61045116,20.04991499,19.45649919
472,16.9802778,17.20083128,17.7399511,19.50088315,19.84474933,19.27315758
473,17.0666484,17.10773706,17.56702217,19.37779311,19.53747125,18.99184599
474,17.55946424,16.95113473,17.40205329,19.20019521,19.31314729,18.83973974
475,16.98846193,16.78304629,17.27036089,19.07691194,19.12596398,18.68885287
476,16.78753208,16.59643934,17.15267041,18.79249376,18.95231715,18.57541043
477,16.6430813,16.43083615,16.97539034,18.57239973,18.81440715,18.46534522
478,16.17005905,16.30070192,16.77263091,18.43968016,18.67355698,18.30006129
479,16.09366327,16.17010447,16.6280546,18.31953113,18.47336138,18.11148777
480,16.27690227,16.05194922,16.48384468,18.1693095,18.33210828,18.006236
481,16.43891432,15.92674723,16.33434927,18.02295919,18.17211938,17.81891957
482,16.22399089,15.73242257,16.18367632,17.8698933,17.97680188,17.63857686
483,15.38780499,15.5612309,16.04739765,17.74622089,17.73977108,17.50766848
484,15.34759765,15.437077,15.92029481,17.57373805,17.54725506,17.41940363
485,14.85537464,15.40106742,15.80425493,17.41899319,17.44514314,17.29740791
486,15.38239812,15.2932141,15.65877131,17.30096435,17.38651518,17.20861042
487,15.52106258,15.13943212,15.53152206,17.18632475,17.23538017,17.09405839
488,15.11889277,14.99367707,15.39716215,16.96776888,17.04832762,16.95778252
489,15.0455994,14.83965302,15.24641031,16.87512096,16.9010105,16.67998461
490,14.64663629,14.73173964,15.13707456,16.73644776,16.76276797,16.52897782
491,14.50659067,14.63470674,15.01189606,16.60900605,16.50550585,16.46904955
492,14.39859602,14.53527104,14.85348315,16.45981575,16.41809257,16.38173207
493,14.20402904,14.42206983,14.74680376,16.31096664,16.29174812,16.26286443
494,14.2148041,14.33185556,14.63344936,16.20038687,16.11488882,16.14613747
495,14.19860043,14.21390104,14.48149339,16.06607926,15.98546905,15.99956628
496,14.30945927,14.06436568,14.37803497,15.95315956,15.85316202,15.84118463
497,14.22428934,13.97459982,14.28046868,15.84299258,15.73519384,15.72776294
498,14.1396871,13.93280934,14.17636798,15.70351375,15.58599628,15.6495777
499,14.07477648,13.87002615,14.04699943,15.60411043,15.44470825,15.55396646
500,14.15446523,13.88475409,13.89785574,15.49493314,15.28543063,15.44994442
501,14.10875231,13.8314205,13.78749797,15.33149922,15.07745372,15.33213781
502,14.16030055,13.74721997,13.65917823,15.22237361,14.95383416,15.21478246
503,14.0458217,13.66753757,13.53865205,15.11358079,14.8406059,15.10774192
504,13.76765031,13.5511052,13.41543359,14.98669061,14.74045661,15.01071668
505,13.86505643,13.47625949,13.32161286,14.88696126,14.66794283,14.92431548
506,13.7699845,13.39169595,13.20750181,14.78507588,14.53244607,14.80996736
507,13.53467784,13.29531392,13.09852199,14.66083704,14.3834609,14.70906347
508,13.49069093,13.17910729,13.00171534,14.56051403,14.27230482,14.59797508
509,13.39082699,13.06475974,12.88541905,14.48896065,14.19403084,14.48620332
510,13.29746912,12.89165501,12.76085459,14.38799498,14.01012899,14.36879038
511,13.08796022,12.75232944,12.6443383,14.30095012,13.87261509,14.2523982
512,12.99544512,12.62126086,12.54619045,14.18643112,13.77668125,14.16166127
513,12.68024754,12.48752922,12.45705071,14.03054851,13.62378449,14.0659853
514,12.4759011,12.33767866,12.33153275,13.92366411,13.48809217,13.99328806
515,12.36384647,12.20694596,12.25556552,13.84429636,13.3775827,13.86507682
516,12.36810025,12.11639834,12.16846986,13.74619497,13.26039026,13.7497135
517,12.32189929,12.00430496,12.04571479,13.65885941,13.16264764,13.63695558
518,12.15405816,11.84745647,11.94546478,13.56515722,13.03615173,13.5452856
519,12.176965,11.71656841,11.86671047,13.44300561,12.91538517,13.46974172
520,12.14986907,11.6007619,11.76539744,13.310109,12.77308065,13.37828049
521,11.9660112,11.4815245,11.68459869,13.22403444,12.69149666,13.28873711
522,11.88028408,11.38614572,11.58952749,13.17786779,12.59554226,13.20332996
523,11.62924312,11.27501001,11.48413236,13.06831511,12.49709063,13.12211892
524,11.41902098,11.17592837,11.39916277,12.95596446,12.39803194,13.01677738
525,11.49048196,11.07477311,11.31312586,12.87268813,12.29205073,12.95190048
526,11.32082079,10.9731655,11.22580598,12.77326377,12.19907292,12.83900153
527,11.35715788,10.86975332,11.12344301,12.6891147,12.12163061,12.756533
528,11.44139529,10.76840684,11.02530236,12.61409715,11.97421353,12.68686771
529,11.29486466,10.68597421,10.95274867,12.53127316,11.85390408,12.60107839
530,11.10563655,10.60365816,10.86690294,12.4360519,11.73625189,12.52802258
531,10.80936727,10.49441068,10.77958679,12.34062411,11.62293851,12.42448349
532,10.71230116,10.41380935,10.69301276,12.28794957,11.54894504,12.33255609
533,10.61141833,10.31732824,10.59442161,12.20175137,11.45714694,12.26054646
534,10.77761977,10.22192191,10.50171626,12.0851894,11.37268511,12.18444711
535,10.67804554,10.15991185,10.43042733,11.98208991,11.2708382,12.12095064
536,10.72268421,10.07474173,10.34936592,11.90507622,11.15665583,12.05518603
537,10.35517891,9.970880508,10.2759868,11.83503654,11.06659372,11.99111019
538,10.20743752,9.884239674,10.20201492,11.75794562,11.00531413,11.88967288
539,10.19470632,9.808000045,10.12077434,11.67593951,10.92009044,11.80414603
540,10.29665533,9.715135623,10.02469838,11.60382061,10.81705158,11.7320404
541,10.20680282,9.651871802,9.972143783,11.52773808,10.75250076,11.67047757
542,10.14170215,9.592864687,9.907953012,11.45167514,10.65745907,11.58254531
543,10.19506943,9.528577052,9.833468704,11.37355312,10.57372579,11.5118841
544,10.11718949,9.448308715,9.763612174,11.29481721,10.48545515,11.44235252
545,9.83827443,9.378698927,9.686623159,11.22115447,10.40829347,11.37654448
546,9.789133627,9.301493426,9.6153377,11.14080223,10.31015136,11.27774495
547,9.851966067,9.207431801,9.545155345,11.05726548,10.20177874,11.20114129
548,9.762661591,9.141224122,9.474621952,10.96865803,10.13423514,11.15165053
549,9.608104299,9.08667838,9.400193751,10.9077878,10.07546091,11.08576277
550,9.623362909,9.021944243,9.316901545,10.84816553,9.976630757,11.01955022
551,9.501687341,8.957525398,9.259223679,10.75248593,9.884094302,10.9515324
552,9.432830015,8.875472187,9.197094619,10.66836881,9.787806103,10.87832743
553,9.495747434,8.813139624,9.120923667,10.60987493,9.703864435,10.82653281
554,9.546568481,8.754608305,9.033680591,10.53962619,9.640389477,10.77091657
555,9.563082096,8.710868604,8.973508994,10.45696076,9.551755582,10.66989293
556,9.366897216,8.678373761,8.904494993,10.38439308,9.481792452,10.60849219
557,9.239331079,8.639063169,8.829451022,10.31549948,9.403277782,10.54178468
558,9.275272887,8.590373936,8.767306244,10.22597828,9.334715916,10.46457329
559,9.274866975,8.561014392,8.709286203,10.15099681,9.268735864,10.39984099
560,9.311991379,8.545742744,8.642647344,10.08143273,9.188446658,10.35125351
561,9.300732758,8.524489473,8.573196416,10.01866855,9.114632397,10.29089747
562,9.198936245,8.510344879,8.505580717,9.938412937,9.035771607,10.21073435
563,9.404398394,8.485301499,8.44991435,9.874544237,8.94669247,10.15058744
564,9.292974182,8.457430368,8.3828884,9.826251987,8.878659145,10.09448349
565,9.125507002,8.423306496,8.330745171,9.765410143,8.808517365,10.03696491
566,9.067551711,8.399292575,8.274787929,9.697498326,8.723620155,9.986850355
567,9.090414795,8.375557164,8.195938455,9.630472158,8.680949759,9.924499961
568,9.018550594,8.345416326,8.154340203,9.541929825,8.614827247,9.856171343
569,9.092046834,8.282165472,8.101580768,9.470937666,8.550736661,9.800256739
570,8.812284661,8.232609155,8.038338015,9.434750271,8.482206247,9.736554307
571,8.87234903,8.160643781,7.998959777,9.365204929,8.40314089,9.672743195
572,8.947488588,8.106519467,7.93815757,9.299692971,8.344871096,9.618101657
573,8.862830983,8.074051,7.867988473,9.231129165,8.287881703,9.568932219
574,8.898159983,8.052601237,7.819486181,9.162313378,8.221462331,9.514341825
575,8.707575,8.025791297,7.75512064,9.098780594,8.152655372,9.451449515
576,8.698662641,8.013911061,7.692105486,9.049941538,8.086428193,9.379788886
577,8.590296083,7.989626167,7.645604188,8.985770223,8.017074536,9.317452068
578,8.654459274,7.993492273,7.58272084,8.915418271,7.967938709,9.260741669
579,8.83530444,8.019970993,7.522623532,8.858116837,7.901326441,9.213184595
580,8.782839697,8.108368702,7.475340485,8.799037631,7.84938034,9.129029223
581,8.876172182,8.223979874,7.424587824,8.72203509,7.797294284,9.06842719
582,9.057956636,8.382476592,7.372285678,8.660815581,7.750874056,9.02002152
583,9.440629977,8.595578391,7.336141671,8.580482974,7.701470536,8.937611123
584,9.759097265,8.872613911,7.282877777,8.509325277,7.627757256,8.880176055
585,10.18953426,9.213141438,7.230983705,8.447528451,7.574358326,8.82766449
586,10.62296317,9.635511343,7.18877533,8.389585023,7.514739777,8.758772669
587,10.99249894,10.08741614,7.129239506,8.325523674,7.461378729,8.676263535
588,11.46544963,10.56024248,7.070605906,8.278162784,7.410794869,8.617533667
589,11.9470334,11.0085171,7.020855303,8.217298537,7.348307129,8.573812183
590,12.28977147,11.41236784,6.95659561,8.141621846,7.309560383,8.512095733
591,12.61247297,11.75359731,6.901057968,8.087879459,7.243787522,8.451299743
592,13.03346795,11.98701836,6.856714095,8.039191619,7.204686474,8.408984601
593,13.09904248,12.11461082,6.796096903,7.992102534,7.161270476,8.368878375
594,13.06489422,12.13214373,6.74849891,7.931484124,7.094687643,8.330726044
595,13.00695778,12.01891372,6.716074824,7.89279929,7.03050974,8.281317417
596,12.84575347,11.82217921,6.672937429,7.851185316,6.991335288,8.22635167
597,12.64779995,11.53975775,6.62587206,7.797425878,6.940625516,8.166761366
598,12.23631843,11.19729601,6.591071282,7.748073425,6.886168643,8.10801709
599,12.018714,10.8390599,6.555830742,7.692813972,6.839494409,8.066478015
600,11.69067777,10.46768513,6.509584762,7.642767565,6.793741353,8.00582992
601,11.24164867,10.09869243,6.467372994,7.598887153,6.720569525,7.9555254
602,10.84260075,9.749528973,6.422873123,7.54572587,6.675207746,7.904094639
603,10.62100585,9.43392955,6.371097348,7.481344394,6.633996979,7.868544041
604,10.18670867,9.143632149,6.329530177,7.429450223,6.592006574,7.818623415
605,9.987448056,8.872054358,6.289785616,7.401091559,6.563945645,7.79803767
606,9.745648908,8.609252545,6.243079571,7.375875758,6.519168676,7.759682663
607,9.397693518,8.36660638,6.196943249,7.336425025,6.459597288,7.705309122
608,9.238346441,8.165719131,6.158324597,7.269548447,6.428965252,7.651367209
609,9.078174332,7.974497267,6.114217414,7.225238291,6.381449279,7.614105963
610,8.941094833,7.778001883,6.063711474,7.179558022,6.324477927,7.572469905
611,8.864785729,7.61966026,6.015262566,7.141559262,6.281654406,7.523140389
612,8.62559587,7.460263255,5.969112554,7.090193358,6.242015696,7.454277419
613,8.434002323,7.312532026,5.936576805,7.053429198,6.198276542,7.416385678
614,8.229409394,7.181072894,5.900191989,7.01287441,6.155910795,7.38805153
615,8.061739633,7.054262301,5.851171628,6.975215237,6.100465037,7.344497696
616,7.977081067,6.940049884,5.828266641,6.931186387,6.060674591,7.287443304
617,7.95321058,6.836683315,5.795512666,6.875240371,6.022652046,7.253849916
618,7.874545717,6.725468857,5.759742783,6.827450011,5.980596448,7.230864214
619,7.705825009,6.617634777,5.71837892,6.79499949,5.931113287,7.176074653
620,7.483437848,6.512329231,5.684670347,6.755952439,5.88093597,7.123339417
621,7.49108302,6.402692287,5.646015367,6.725671401,5.847866518,7.08009886
622,7.342488536,6.307460753,5.596790214,6.709186958,5.817650628,7.039017017
623,7.2271668,6.217965216,5.563488208,6.66456817,5.771999058,6.996296227
624,7.136284644,6.134263691,5.531802309,6.633441724,5.735975266,6.95407445
625,7.0392279,6.061825589,5.48690366,6.597956041,5.700442207,6.936654944
626,6.940267736,5.97629336,5.447189023,6.557006263,5.658577854,6.906146648
627,6.89171345,5.891066315,5.4155912,6.522301926,5.618975571,6.851520187
628,6.959029955,5.808960506,5.378208113,6.500613378,5.587894104,6.804125299
629,6.81372392,5.742064236,5.34573597,6.485382425,5.546287732,6.763376912
630,6.757363282,5.680604438,5.322316991,6.446796623,5.505301717,6.712694481
631,6.719477977,5.619520344,5.291562271,6.41174594,5.483597854,6.673244338
632,6.689884298,5.551703119,5.25390698,6.385236376,5.448140794,6.623069712
633,6.679576728,5.467219816,5.214649503,6.345751179,5.399004536,6.587334364
634,6.511693967,5.399841623,5.186891713,6.300510334,5.355720659,6.54888215
635,6.443140126,5.350092397,5.153390803,6.263606341,5.336842199,6.502925292
636,6.458250034,5.292985131,5.125855108,6.231971719,5.299222394,6.453199692
637,6.364524171,5.243651209,5.102470074,6.204739269,5.264060058,6.433831782
638,6.263473254,5.192475834,5.072911308,6.163528447,5.237910617,6.39555032
639,6.171959506,5.15036191,5.04475257,6.131631539,5.207898226,6.36514778
640,6.287508679,5.111344474,5.017486686,6.089924439,5.182256101,6.332272905
641,6.208923738,5.085866906,4.980827114,6.056199165,5.143734825,6.302726204
642,6.133189367,5.057902019,4.940618265,6.027926846,5.103178959,6.274303342
643,6.203848663,5.023550289,4.910359812,6.001190914,5.070957774,6.247237784
644,6.161180172,5.010121612,4.87342342,5.967048427,5.05124953,6.20749333
645,6.045588682,5.001832252,4.830467018,5.948689541,5.025055613,6.164815738
646,6.061286554,4.99254778,4.788916727,5.92410332,4.990200439,6.125325523
647,6.075789584,4.974996415,4.759446205,5.897665369,4.956184432,6.096738801
648,6.167645874,4.973521023,4.737290934,5.872791849,4.937632504,6.069545805
649,6.132917071,4.961499466,4.702984772,5.851808581,4.907916511,6.041143602
650,6.070169928,4.945957419,4.670026538,5.826882887,4.874919282,6.007133657
651,6.128903571,4.942568132,4.641410618,5.799619607,4.849855218,5.974082178
652,6.120596369,4.920113208,4.609829618,5.777201333,4.814504923,5.950801115
653,6.139082476,4.893439501,4.576832037,5.768426155,4.805460593,5.924703104
654,6.128630162,4.866472373,4.54173066,5.748706418,4.772602521,5.912057349
655,6.206055563,4.847983281,4.506920294,5.730961578,4.736887545,5.879972585
656,6.180114281,4.822803827,4.46948058,5.717263143,4.711644864,5.843870051
657,6.094571993,4.797040438,4.435799195,5.694500259,4.693258568,5.819143044
658,6.091072298,4.765477877,4.40108912,5.670478138,4.676104987,5.78731175
659,5.991916906,4.74585667,4.380738334,5.643249227,4.636063987,5.766120083
660,6.030758905,4.718166532,4.35677801,5.612923753,4.611423288,5.741597339
661,5.968433222,4.69938492,4.328578596,5.568204399,4.576293296,5.70440393
662,5.9200136,4.682096054,4.303653796,5.514937444,4.52417868,5.680244264
663,5.927561558,4.679894913,4.284385377,5.480669506,4.48690885,5.663093567
664,5.979404584,4.685614198,4.26019873,5.440511816,4.454706318,5.627240198
665,6.055679438,4.693250261,4.227732102,5.387419728,4.411137863,5.603209711
666,5.981780976,4.702205775,4.203018655,5.355968336,4.371187445,5.577964679
667,5.904137211,4.714053592,4.170360297,5.31070158,4.339354674,5.546499423
668,5.972614022,4.736593237,4.137606046,5.276220169,4.310751827,5.531469175
669,6.055423038,4.775275791,4.110391891,5.244038418,4.277256792,5.506311299
670,6.045045199,4.834671421,4.076005121,5.218766991,4.251568981,5.490226674
671,6.094592907,4.902321132,4.052434356,5.193148912,4.224712516,5.475633004
672,6.275430206,4.993007022,4.027282076,5.160796508,4.203887452,5.464320278
673,6.315515736,5.123813711,3.998426044,5.135237995,4.174877061,5.442309418
674,6.400204953,5.282137758,3.974094351,5.104314726,4.140331329,5.417103282
675,6.531406093,5.48918072,3.945055666,5.069666061,4.111960288,5.391534489
676,6.939485153,5.731635233,3.92217193,5.046454652,4.088656488,5.369191422
677,7.326499704,6.040938199,3.90669193,5.034532136,4.070547858,5.3497559
678,7.671503165,6.384021914,3.884265976,5.02505277,4.050157963,5.339545249
679,8.081006541,6.78047985,3.867246575,4.997965572,4.025827382,5.333696661
680,8.46362282,7.185928567,3.847356129,4.972541342,4.002626863,5.319867251
681,8.877163624,7.616663596,3.830195927,4.948275066,3.983247532,5.310254843
682,9.248926824,8.033155649,3.81103281,4.935298214,3.955235515,5.296424667
683,9.603823649,8.384846299,3.799166936,4.903030161,3.91946535,5.269396172
684,9.969271389,8.677710262,3.784379157,4.87240639,3.887281082,5.247883748
685,10.10402382,8.877887738,3.767415823,4.857015596,3.856641611,5.227916472
686,10.26959416,8.992144851,3.753249258,4.844757315,3.842024677,5.204842425
687,10.39417799,9.023063998,3.734859625,4.821014333,3.821159219,5.186979377
688,10.23768432,8.964883924,3.71713408,4.794400341,3.793416637,5.175474588
689,10.1235569,8.84558027,3.702546727,4.766075852,3.780401617,5.151699273
690,10.03146136,8.693947318,3.685611452,4.743070821,3.771206638,5.142889675
691,9.886596421,8.524899987,3.658836522,4.726218274,3.747213799,5.125000973
692,9.744564029,8.351983264,3.631821427,4.704895487,3.72932334,5.110092644
693,9.517557496,8.203719097,3.601095434,4.686769331,3.706953672,5.102125481
694,9.447307724,8.099180108,3.572524056,4.664625158,3.694762042,5.088052395
695,9.410213496,8.027387286,3.539513561,4.63682364,3.67682619,5.070050765
696,9.49523547,7.977074321,3.50053564,4.609812954,3.654775402,5.042584953
697,9.428858215,7.969401978,3.466275279,4.568033092,3.646655194,5.017921781
698,9.516297193,8.023120563,3.436225089,4.530584054,3.633385728,4.975432702
699,9.663308693,8.12538989,3.410731219,4.488931558,3.608504701,4.938713935
700,9.816786426,8.257450907,3.385392868,4.448628465,3.577431557,4.887240873
701,9.981231738,8.413982456,3.36864238,4.411377839,3.558151552,4.846219397
702,10.14360115,8.598139848,3.343929956,4.366241124,3.542356467,4.806037894
703,10.41436815,8.822185853,3.314191251,4.317943221,3.518127444,4.75997926
704,10.72853821,9.08284308,3.301315208,4.289696216,3.500245543,4.717903978
705,11.01266583,9.410961114,3.290622659,4.254854461,3.486425332,4.668675731
706,11.40653128,9.807284479,3.28088211,4.214845742,3.467792922,4.615599287
707,11.92512354,10.28900538,3.265261727,4.17837702,3.444126428,4.560524611
708,12.60034184,10.8581163,3.246686673,4.137988068,3.417931223,4.502882848
709,13.40246057,11.57889648,3.218175211,4.091433093,3.395081071,4.460872838
710,14.61428782,12.47383217,3.192313449,4.044567498,3.368063651,4.421994672
711,16.11141816,13.50544007,3.174427546,4.012682796,3.344479373,4.382304785
712,18.16420504,15.93731745,3.158083456,3.977282011,3.328106841,4.336078068
713,20.71508455,18.75579006,3.145014862,3.955451389,3.308503363,4.287622099
714,24.09084363,22.28763736,3.134067395,3.938057216,3.289928258,4.245455064
715,28.0592712,26.25005222,3.118221089,3.924326178,3.280369281,4.20463474
716,32.95804503,31.37206736,3.10324209,3.895426236,3.267947287,4.181950926
717,38.51570311,37.2293451,3.082842451,3.86560697,3.246028905,4.156185608
718,44.72321574,43.54279992,3.064352093,3.82640659,3.231709462,4.131528732
719,50.98448712,49.70847896,3.051614541,3.800655633,3.224601923,4.104853946
720,57.56657098,56.291815,3.035555779,3.764902613,3.215873586,4.090842516
721,63.95777551,62.20131253,3.02079863,3.732742906,3.206914425,4.072563777
722,69.49817553,67.37086159,3.010426606,3.709217953,3.206357503,4.057540201
723,74.00213537,71.35445047,2.99468678,3.696299573,3.199193385,4.031521513
724,77.00297706,73.79259144,2.987686275,3.685879145,3.193243584,4.027004623
725,78.7455189,74.93185042,2.982410124,3.666863376,3.185842618,4.02571724
726,79.08190848,74.72072306,2.973866525,3.656412433,3.172474734,4.014958854
727,77.97250285,73.1100322,2.957068501,3.647889951,3.168068629,4.002956047
728,75.75621271,70.52154563,2.939337628,3.634703931,3.148461682,3.99099414
729,72.60013471,67.28291606,2.925282117,3.616535892,3.121104577,3.979773796
730,69.16268252,63.65086547,2.908002461,3.606700314,3.097668613,3.961073309
731,65.27458423,59.68150789,2.882860619,3.586949014,3.081796524,3.941728031
732,61.24196666,55.61334794,2.856388396,3.566686472,3.072411683,3.926724573
733,57.12491344,51.67083584,2.829237877,3.538697122,3.065828259,3.910254635
734,53.17966908,48.03840771,2.804532357,3.513950902,3.041109047,3.886113854
735,49.54776547,44.64674408,2.781238429,3.491727807,3.017334875,3.866577958
736,46.04741001,41.43809251,2.761014454,3.465561937,2.987746086,3.837070459
737,43.13882119,38.59915315,2.749521381,3.443935173,2.966335748,3.811417115
738,40.21852796,35.95399126,2.743113039,3.410262231,2.946899843,3.787663116
739,37.57164455,32.67742052,2.730390463,3.384956583,2.9350339,3.758772762
740,35.16898451,30.77313479,2.721236755,3.346116875,2.910334632,3.727308813
741,33.07469318,28.99061762,2.705998618,3.317023268,2.886946095,3.685971309
742,31.16367199,27.33884188,2.686786469,3.281053058,2.871954693,3.652717874
743,29.26285242,25.80932519,2.667043609,3.238301954,2.854807614,3.602614996
744,27.6257979,24.40615185,2.645394089,3.184843955,2.835885999,3.556220038
745,26.16139102,23.10975644,2.621960582,3.144159592,2.835078357,3.510851953
746,24.77970316,21.89829322,2.601756028,3.110628318,2.830564721,3.462579319
747,23.5002857,20.75892405,2.58374066,3.078070298,2.812809121,3.412159469
748,22.28511834,19.70407661,2.560421692,3.050513322,2.798603783,3.360471888
749,21.13828991,18.71575199,2.542420718,3.020345006,2.793051136,3.32047516
750,20.20177313,17.82789584,2.532026182,2.997562584,2.783068472,3.289335877
751,19.31514571,16.96115973,2.52195674,2.970007282,2.761379971,3.263045962
752,18.4497716,16.12335309,2.510975703,2.942926961,2.741867098,3.227744057
753,17.55221621,15.34469868,2.499416883,2.921360729,2.724621206,3.203856234
754,16.81582233,14.61481908,2.487316424,2.884297145,2.709692083,3.17325469
755,15.99870693,13.93106406,2.467480348,2.851501518,2.695209469,3.138466666
756,15.33785616,13.2656409,2.444700499,2.834120722,2.68765972,3.103264002
757,14.69758787,12.65860239,2.419069335,2.814854285,2.681814076,3.079269172
758,14.07836682,12.07006039,2.390458678,2.792130852,2.660880825,3.050705208
759,13.5329054,11.4967152,2.362849186,2.772802235,2.640559325,3.027911357
760,12.89770874,10.96618293,2.338921323,2.753628817,2.619007265,2.992179367
761,12.37262119,10.46891707,2.315948568,2.730060876,2.593880344,2.968910858
762,11.86751085,9.95911592,2.295196312,2.70878377,2.58918926,2.945601835
763,11.35212157,9.497594338,2.284820754,2.712580566,2.588045679,2.920253354
764,10.86984864,9.062235267,2.272271104,2.720709691,2.583611767,2.900419228
765,10.46765309,8.65036883,2.256118229,2.73735156,2.597902699,2.879292432
766,10.11042348,8.263075916,2.245538196,2.771102129,2.604817555,2.859503201
767,9.725699192,7.888239554,2.231540899,2.810135066,2.620755621,2.844435128
768,9.29879571,7.520774122,2.215830011,2.863167944,2.644364948,2.832707252
769,9.078088615,7.18046386,2.199749531,2.909417477,2.670555484,2.810882829
770,8.819249563,6.858302218,2.184496306,2.965021562,2.684157614,2.791960883
771,8.545194928,6.562967459,2.165860824,3.007952417,2.705397618,2.772579952
772,8.317953863,6.274131128,2.148842825,3.052936236,2.709558538,2.751025523
773,8.086818242,6.004241278,2.13818086,3.071873231,2.71224626,2.742745374
774,7.82491163,5.750922344,2.127786527,3.07600949,2.70445386,2.729943969
775,7.601639982,5.504706343,2.117277373,3.064624129,2.681614257,2.724561673
776,7.356125522,5.279243126,2.1028996,3.041016434,2.653435691,2.714073094
777,7.184202672,5.070029812,2.092655007,2.988065446,2.630012646,2.701048882
778,6.926931531,4.864067719,2.079703413,2.930115818,2.605696768,2.692560556
779,6.647250918,4.670809602,2.062476135,2.860798886,2.561406855,2.682620228
780,6.505403365,4.496140125,2.043773323,2.790403769,2.524104451,2.669813306
781,6.289026191,4.322389518,2.022881803,2.718163687,2.485607954,2.656635473
782,6.046781442,4.163043651,1.996041797,2.652466491,2.458571349,2.641200205
783,5.869618751,4.02817858,1.981594295,2.591493046,2.424951002,2.621673368
784,5.681444945,3.902276425,1.972698139,2.55467098,2.388653725,2.597513875
785,5.534526204,3.781793137,1.958055901,2.527807222,2.369936387,2.573752349
786,5.437735725,3.676888892,1.946704636,2.515395567,2.35252422,2.542084177
787,5.280077449,3.580123373,1.937868813,2.524321482,2.337723378,2.515412891
788,5.285456909,3.495905661,1.933009954,2.543476675,2.332963354,2.493369473
789,5.25358341,3.415354433,1.930798402,2.556077392,2.330822524,2.482640031
790,5.153066553,3.350700017,1.927739958,2.584472635,2.334349201,2.478540807
791,5.088459965,3.279796897,1.919090403,2.616919194,2.340169506,2.477653509
792,5.049502046,3.214127586,1.908989735,2.64969809,2.358561634,2.475876352
793,5.081229909,3.154426227,1.89627233,2.689218027,2.389678457,2.468898132
794,5.080198406,3.10596565,1.880988731,2.731060614,2.406237112,2.463023527
795,5.083181531,3.066581742,1.85885286,2.773455633,2.426085793,2.439260049
796,5.121116075,3.03312574,1.83964612,2.805725008,2.446200312,2.424977589
797,5.055322261,3.017001434,1.820590925,2.848399056,2.464342162,2.409334428
798,5.069838601,3.0002839,1.806797728,2.887404202,2.468781439,2.394453919
799,5.032485466,2.982076591,1.798423114,2.911828903,2.460421945,2.388135421
800,5.02638545,2.970972437,1.786940698,2.925716929,2.453806246,2.388500144
801,5.090570741,2.97964984,1.780101474,2.932345536,2.445659883,2.381492244
802,5.231121658,2.990346111,1.779375695,2.923134491,2.427401247,2.374027293
803,5.271816959,3.025292187,1.770377444,2.906292078,2.413559531,2.363638913
804,5.248369628,3.064979387,1.761264254,2.886161837,2.407570494,2.348557371
805,5.215544391,3.11348578,1.747213942,2.873568692,2.397756075,2.332715394
806,5.259323496,3.178898758,1.735055694,2.869264575,2.399109375,2.327382575
807,5.329278053,3.261237697,1.720074531,2.855570486,2.39512892,2.314942868
808,5.514591203,3.376264827,1.707413254,2.847465771,2.399073086,2.306020879
809,5.694234166,3.512997646,1.701405732,2.847726307,2.400133234,2.295686579
810,5.852595696,3.674406018,1.704614435,2.859884164,2.396272632,2.288878745
811,6.048028888,3.879987243,1.703568678,2.881300621,2.402234013,2.289733904
812,6.333594628,4.123469492,1.705228184,2.913383205,2.409683201,2.288456216
813,6.59219375,4.40136579,1.709314295,2.94276621,2.415997959,2.28773944
814,6.949821417,4.722444655,1.710671247,2.976914302,2.429675922,2.289642361
815,7.357322861,5.057772387,1.705743532,3.008194214,2.435961729,2.277211933
816,7.73274533,5.429430127,1.696698954,3.027904258,2.437428312,2.26068935
817,8.179359095,5.805741197,1.692479211,3.030504269,2.441705477,2.25311195
818,8.542437326,6.201262168,1.689323007,3.026121819,2.444256242,2.240736154
819,8.948841874,6.581154244,1.679734832,3.012115773,2.451162937,2.234749044
820,9.328741773,6.929804149,1.665131114,2.976834065,2.44836259,2.229666112
821,9.661719609,7.241154972,1.634551837,2.933039105,2.43072952,2.226050532
822,9.992222761,7.513932873,1.607478049,2.888533385,2.406890633,2.219600254
823,10.20538677,7.741724317,1.581218198,2.844868645,2.374600861,2.215678063
824,10.30622134,7.91104009,1.557096218,2.8065664,2.338166536,2.21076516
825,10.42735863,8.018339658,1.535914751,2.771061785,2.3204786,2.190632501
826,10.50430624,8.093989408,1.527354836,2.743838568,2.303644603,2.177260597
827,10.49707003,8.110892813,1.524539117,2.715656011,2.283097294,2.164240213
828,10.55375543,8.104287975,1.527114401,2.698200141,2.269955518,2.153714502
829,10.52763172,8.053688882,1.53271578,2.690630916,2.268747859,2.143778483
830,10.42481992,8.003016189,1.534417234,2.707032976,2.259074739,2.127140428
831,10.35664008,7.930597635,1.525065336,2.723806427,2.260981429,2.13531373
832,10.253064,7.862252808,1.511762136,2.749422568,2.285081455,2.139913428
833,10.2315957,7.789003672,1.500774406,2.776606789,2.304803156,2.146866528
834,10.12275277,7.739830283,1.490830249,2.825079902,2.320000779,2.143392344
835,10.07130739,7.693926642,1.478514255,2.877049484,2.328342991,2.154777234
836,10.15215361,7.660406147,1.474167929,2.929322436,2.342575257,2.166888577
837,10.24966443,7.628005151,1.476191597,2.976481489,2.367987731,2.152848461
838,10.2735065,7.622224408,1.471360062,3.036875226,2.386103983,2.135400361
839,10.3186805,7.619014178,1.461879655,3.101905706,2.407867689,2.134121844
840,10.41900402,7.63680574,1.448249122,3.168425733,2.449644105,2.128264769
841,10.45387958,7.694253786,1.43269079,3.235877704,2.495836495,2.123808455
842,10.6416994,7.77198231,1.417954899,3.31865173,2.541006573,2.118887125
843,10.83400966,7.865092277,1.406879555,3.417535389,2.579578662,2.112607776
844,11.01830097,7.987034176,1.408024648,3.529285622,2.63022189,2.112000797
845,11.21240207,8.152266797,1.408716964,3.65865188,2.693854026,2.103436515
846,11.47214607,8.347152403,1.418924785,3.811702325,2.772129929,2.098790517
847,11.72723775,8.569174588,1.421869018,3.961955614,2.857317607,2.085064846
848,12.17609478,8.824941929,1.428923107,4.140464775,2.946718742,2.073537074
849,12.54098031,9.107330586,1.423285084,4.315035754,3.021640404,2.071689738
850,12.93986925,9.412036215,1.41660665,4.460093178,3.108819513,2.058825267
851,13.36555903,9.766806995,1.411381793,4.580132169,3.185895858,2.062635491
852,13.841242,10.17633216,1.398008619,4.652251335,3.224183049,2.068281365
853,14.31173054,10.43249355,1.381547219,4.64463141,3.232530775,2.073813141
854,14.77790436,11.0066561,1.375369659,4.574892995,3.208616641,2.082742322
855,15.39591097,11.65517321,1.380441167,4.427301905,3.142940435,2.088397123
856,15.99859041,12.23983069,1.387642317,4.231320166,3.058209127,2.097516211
857,16.56471247,12.99668519,1.391579395,3.988669987,2.928169674,2.108969145
858,17.24552218,14.00605568,1.386282117,3.732151865,2.778791596,2.09688875
859,18.08088362,14.96608227,1.372780576,3.463786439,2.632488773,2.072890239
860,19.04622756,16.00306932,1.356041221,3.214942679,2.503954552,2.03987122
861,20.06276111,17.29517982,1.342029329,2.984952339,2.373069835,2.012426134
862,21.40275979,18.80963892,1.323794825,2.791567596,2.266589292,1.992616705
863,22.97778206,20.64249646,1.305788849,2.626029148,2.183332234,1.978299658
864,25.06402852,22.76487201,1.293150521,2.490469447,2.114055862,1.978973132
865,27.36992457,25.2167413,1.282804806,2.371590558,2.053193868,1.977795411
866,30.33830188,28.3762727,1.269384421,2.256623713,1.994061029,1.993625198
867,34.07496225,32.18397569,1.269193096,2.148198332,1.947688183,2.019095293
868,38.48045604,36.89086255,1.273512414,2.057655413,1.901483365,2.045938061
869,43.70690978,42.20288881,1.284191885,1.984151215,1.846155316,2.062187248
870,49.74036876,48.38667166,1.294143998,1.910901531,1.809015995,2.07069581
871,56.1208241,54.88081038,1.300654366,1.854349611,1.772723144,2.074098259
872,63.3888695,62.13544256,1.306840523,1.797108316,1.746908202,2.077919306
873,70.91714482,69.66839705,1.308921507,1.741644556,1.728912559,2.088671786
874,78.47659592,77.07359945,1.307897178,1.693322119,1.709026873,2.098230506
875,85.76226718,84.01011156,1.3038408,1.658207473,1.69627661,2.106614778
876,92.28284391,89.9345256,1.307707284,1.617355479,1.674169526,2.109904443
877,97.69399686,94.73109525,1.316568611,1.578865235,1.661518278,2.105440398
878,101.5685457,98.12566665,1.31625689,1.557943048,1.649763489,2.100373238
879,103.6475,99.68516057,1.313554488,1.549462519,1.642881073,2.090535446
880,104.3141733,99.50493226,1.300653644,1.538756469,1.643918732,2.097690601
881,103.2784561,97.97355035,1.286858702,1.531656634,1.637318875,2.099081035
882,100.9457246,95.18700982,1.258844809,1.521757913,1.627501458,2.101663507
883,97.48669069,91.368509,1.229841517,1.500821587,1.617380636,2.097891135
884,93.38721891,87.09034621,1.198539064,1.494874389,1.597885741,2.098610865
885,88.91211581,82.57907827,1.174365936,1.484372722,1.569504559,2.096145247
886,84.24297593,78.09319218,1.155347484,1.473091513,1.554719952,2.095047423
887,79.6712342,73.70053575,1.144337255,1.470268965,1.539674653,2.082738572
888,75.31356173,69.61465533,1.141275275,1.459525116,1.534246536,2.068269743
889,71.43289377,66.07046422,1.132779063,1.449671379,1.528326324,2.051734775
890,67.99635367,62.96904297,1.11086864,1.437304661,1.523763177,2.031702952
891,64.90284362,60.36829163,1.095463858,1.419034795,1.516913092,2.012372704
892,62.3662342,58.17686017,1.090574407,1.385866146,1.503627004,1.99875175
893,60.1858971,56.40714357,1.090564247,1.359121168,1.492733258,1.978498868
894,58.48442267,54.84124908,1.098876308,1.332286148,1.485838919,1.966671008
895,57.2044105,53.74217064,1.099625893,1.303037829,1.471780837,1.964499896
896,56.23521115,52.78152799,1.0989464,1.288318647,1.465782341,1.964303771
897,55.56253114,52.15633081,1.095756561,1.275060353,1.461046471,1.971529971
898,55.11359236,51.79566447,1.080513894,1.27140057,1.452209383,1.969447483
899,54.82908505,51.67632083,1.057828447,1.272206201,1.452822145,1.976968359
900,54.74615464,51.48171033,1.043271015,1.272277452,1.447775789,1.974225614
901,54.82523854,51.7194902,1.04555804,1.261290248,1.4337546,1.956588792
902,55.04471989,52.04373647,1.056362574,1.242073921,1.427632152,1.985759603
903,55.40690549,52.3834164,1.070169128,1.222195351,1.426250508,2.017756408
904,55.90085267,52.80463351,1.082586893,1.213784707,1.422559901,2.044169139
905,56.54979542,53.40180548,1.092573193,1.203588068,1.416276669,2.0609849
906,57.36051598,54.15272369,1.092692021,1.18954356,1.412651882,2.074109408
907,58.24141961,55.06033914,1.086125693,1.186774515,1.414456868,2.070829478
908,59.19297462,56.1006836,1.07341757,1.180425885,1.415966898,2.068260755
909,60.32205345,57.41807101,1.056425769,1.171520106,1.419327397,2.051030923
910,61.67117057,58.82382623,1.035598394,1.153429964,1.426076698,2.032788551
911,63.48827204,60.54357674,1.01543886,1.134061067,1.424653891,2.008032802
912,65.42374914,62.52718039,1.000896484,1.134961121,1.422034797,1.97138146
913,67.71499834,64.76831997,0.988689172,1.138043815,1.421387041,1.946296896
914,70.52604859,67.64348209,0.981468303,1.151891575,1.42005134,1.923083112
915,73.87280372,70.99433348,0.983494772,1.159825983,1.411829349,1.904305433
916,77.91250099,75.26964866,0.997482721,1.170938076,1.40225645,1.905938193
917,82.53644126,79.949564,1.016769923,1.185463164,1.395705955,1.901435607
918,87.85667537,85.43919626,1.03703643,1.18740819,1.396446704,1.914319997
919,94.44754088,92.1750997,1.051494397,1.189080707,1.399855932,1.939243459
920,101.650177,99.75323557,1.062684084,1.192516088,1.418505163,1.953221068
921,109.9464766,107.927746,1.068726254,1.195763164,1.42873384,1.975886487
922,119.0609797,117.33493,1.060509909,1.212140865,1.437310751,2.007332572
923,129.9542236,128.6723551,1.045020004,1.237241337,1.465371197,2.035086235
924,141.4927993,140.2992495,1.026524817,1.261423579,1.493626302,2.088654239
925,154.1626444,153.0551372,1.016409806,1.279903641,1.512682845,2.126118201
926,168.7865308,167.639002,1.020225488,1.29521705,1.535785947,2.175214597
927,184.2464513,183.1800559,1.038148692,1.311725939,1.562041374,2.235019073
928,202.1812247,201.0154222,1.065636774,1.336676811,1.608273459,2.270762659
929,221.3821546,220.1356265,1.093180213,1.368044058,1.650918732,2.320472198
930,242.2668849,241.3386421,1.119685997,1.405807678,1.71189305,2.373787187
931,266.9676172,267.0011813,1.156871468,1.453126924,1.781557655,2.458523512
932,293.5839988,294.4688835,1.19237636,1.506200936,1.864272948,2.568208079
933,324.7265002,326.9053485,1.245170775,1.581042257,1.9587294,2.707412786
934,358.6415932,361.7959989,1.303651476,1.671727665,2.074932239,2.879907594
935,396.3231082,401.2331999,1.378027213,1.782617673,2.203026599,3.043962606
936,441.2128005,447.492729,1.468854223,1.929888279,2.362144967,3.233479985
937,490.4472791,498.0479275,1.563223331,2.082457726,2.545192891,3.417136516
938,549.5810912,558.2245536,1.663826368,2.234334512,2.636817527,3.575060441
939,615.3595381,624.8040552,1.766730591,2.383839101,2.751600841,3.730476008
940,691.8177363,701.7186468,1.876056143,2.520469631,2.953080262,3.846574363
941,772.9400667,781.1258094,1.983995671,2.630751558,3.176244608,3.937663434
942,860.3083084,865.0448117,2.090629821,2.732506275,3.395183264,4.004152276
943,944.1252834,942.951887,2.16960557,2.811728169,3.61367028,4.052246545
944,1021.33,1010.896686,2.22751157,2.86472032,3.792396606,4.05795507
945,1076.06,1057.065761,2.245843018,2.895212462,3.94699519,4.064840284
946,1110.41,1082.732501,2.229131337,2.914296532,4.065609707,4.044667855
947,1123.55,1089.226395,2.187553165,2.908654065,4.161982636,4.006703378
948,1114.86,1075.674467,2.136439231,2.877241941,4.22241547,3.954878659
949,1092.32,1048.24768,2.075813935,2.820318944,4.236363514,3.891189816
950,1062.92,1017.536794,2.013164028,2.745927115,4.219240764,3.802836011
951,1018.97,975.4956888,1.945868765,2.660916623,4.172667974,3.702979434
952,974.5286836,930.8839334,1.879964102,2.563126118,4.106348729,3.604051644
953,926.5268382,885.3227831,1.817637323,2.466617833,4.024062741,3.502756768
954,878.1288298,836.4657819,1.753555785,2.365284555,3.919356035,3.380519699
955,829.6624674,791.0058243,1.695967185,2.268259962,3.801574659,3.259944257
956,780.2285137,743.1229622,1.643050162,2.164669608,3.684919412,3.170139186
957,731.4550691,696.2413669,1.599917833,2.060574111,3.562318959,3.070003982
958,687.6527337,653.6913509,1.558211843,1.983972459,3.434406552,2.985475152
959,643.6025309,612.1673473,1.502402164,1.907267121,3.323367399,2.909685413
960,601.9723457,571.8759777,1.444087409,1.829410697,3.208063211,2.827788129
961,562.4172575,533.6672198,1.376761374,1.758162066,3.088115663,2.746113895
962,526.8667068,500.2611669,1.313124669,1.69038702,2.963555684,2.662162998
963,492.6477196,467.5788874,1.25296688,1.627844122,2.85421961,2.58242038
964,460.4203778,437.0358074,1.199976956,1.564570412,2.756755294,2.502201563
965,430.1300866,407.6414177,1.15728609,1.52460988,2.654423029,2.435459454
966,403.2020293,382.168891,1.116681838,1.497101662,2.548736579,2.386144528
967,376.9969543,357.4394953,1.070269982,1.475569238,2.47328378,2.341243932
968,352.4284184,333.9620783,1.029350682,1.453184441,2.398740878,2.310765715
969,329.5603534,311.8774166,1.003742032,1.425103514,2.321824763,2.288999429
970,308.1408959,291.5883784,0.983419847,1.393880318,2.248846824,2.261705886
971,289.293568,273.6709482,0.97779716,1.355278407,2.174598173,2.24331036
972,270.8931657,256.3133417,0.982258652,1.32202673,2.114358014,2.241910259
973,253.5048621,239.6479235,0.9884038,1.280128452,2.053028451,2.240784414
974,237.2708563,223.9191719,0.979227614,1.261544007,1.998539189,2.214077344
975,222.1765249,209.4976468,0.96543531,1.237767094,1.947803526,2.189971486
976,207.9014637,195.9313273,0.946968895,1.199602644,1.904073089,2.165643019
977,194.7738087,183.3724964,0.918286568,1.17430379,1.850297133,2.146427926
978,183.1642349,172.2088878,0.888071952,1.148478629,1.795716907,2.127223961
979,171.7399388,161.3495622,0.855445741,1.132926674,1.753498877,2.105457031
980,161.074266,151.1439399,0.828871216,1.129844523,1.711513137,2.100019679
981,150.8496604,141.5596006,0.806408584,1.136171545,1.68019256,2.09512555
982,141.4353024,132.5815444,0.794132652,1.136990033,1.643241845,2.094852525
983,132.6585431,124.3616359,0.790610982,1.125500738,1.611323746,2.093160259
984,124.3497181,116.5503566,0.788370635,1.100355149,1.582466461,2.081803878
985,116.6989051,109.2567955,0.78646312,1.076541994,1.565875579,2.069686202
986,109.5054701,102.3040643,0.778579692,1.049908693,1.550774949,2.057949872
987,102.7396813,95.75280958,0.759811378,1.033081471,1.549712362,2.050593961
988,96.48304866,89.68124078,0.739688997,1.022296482,1.554969369,2.03231548
989,90.47913772,84.07627868,0.721519987,1.006777635,1.541745427,2.009047415
990,84.9665584,78.86156865,0.719246545,0.993013642,1.531089608,1.984223463
991,79.65428081,74.162071,0.72582335,1.000444204,1.517100591,1.949430082
992,74.89956222,69.62054552,0.740878576,0.999867397,1.496488419,1.911137648
993,70.3787158,65.38586112,0.763261402,0.991499526,1.481557368,1.890616963
994,66.06028104,61.40149068,0.789796749,0.99638766,1.474906224,1.865440214
995,61.9130774,57.37254231,0.813251634,1.004620603,1.467210376,1.840710952
996,58.22842129,53.92258045,0.830648872,1.006286422,1.446269645,1.817368778
997,54.89622806,50.70904813,0.834557148,1.007044417,1.424535605,1.801855231
998,51.62162835,47.63656754,0.826370333,0.999174176,1.386814978,1.77959266
999,48.60562666,44.66404289,0.813510062,0.981516639,1.367690629,1.770301986
1000,45.87181632,41.98609776,0.794773315,0.959425103,1.350122764,1.774684563
1001,43.29981533,39.64110031,0.784113826,0.945143358,1.324945623,1.782825197
1002,40.76116763,37.18412508,0.778475125,0.944160564,1.312344337,1.801410815
1003,38.5999709,35.0421487,0.777690671,0.962216672,1.307143084,1.81941284
1004,36.6884123,32.90645856,0.776153784,0.993398675,1.291026272,1.832124494
1005,34.89562811,31.09945294,0.767263117,1.007225232,1.259264572,1.848204501
1006,33.14500705,29.39793236,0.740432564,1.001009398,1.242959984,1.850957379
1007,31.40003048,27.82859835,0.704590483,0.997867902,1.227027338,1.845400855
1008,29.85306817,26.29175059,0.654650994,0.981602897,1.225899751,1.841181083
1009,28.41613955,23.78522051,0.603107999,0.978404557,1.219196819,1.846705947
1010,27.07128283,22.60964951,0.565090093,0.987763791,1.218556163,1.858760798
1011,25.72125828,21.49921285,0.54650617,0.997865147,1.225876463,1.871682065
1012,24.53631264,20.49266648,0.54762451,1.024934791,1.215920942,1.882986627
1013,23.41886158,19.54217049,0.569271246,1.058375863,1.206794906,1.880411995
1014,22.29365964,18.62331988,0.593983483,1.084666881,1.193047731,1.881150561
1015,21.34636579,17.78350836,0.610916391,1.111297226,1.169880538,1.88314152
1016,20.50639369,17.02151969,0.6236164,1.12635604,1.157492439,1.869552003
1017,19.82205367,16.25126686,0.623412494,1.130622308,1.159443657,1.856038777
1018,19.07922856,15.53684526,0.600863952,1.132807793,1.150406752,1.82895358
1019,18.27907657,14.84397937,0.577842362,1.137846803,1.15670671,1.80105031
1020,17.67218776,14.2118111,0.549279081,1.150516806,1.163555786,1.774721836
1021,17.08032868,13.64533841,0.52568471,1.165393419,1.158845432,1.755409069
1022,16.53383349,13.07945839,0.502820462,1.17164766,1.153157841,1.749693323
1023,15.88341412,12.55832902,0.492468871,1.176519174,1.143577065,1.754120478
1024,15.25528376,12.06569844,0.490581063,1.182290683,1.142695183,1.759481736
1025,14.65040983,11.61001972,0.488718994,1.178821441,1.136061252,1.765475707
1026,14.21451898,11.17688251,0.487441152,1.175515424,1.137134052,1.762278014
1027,13.82969604,10.77694218,0.488495191,1.173943927,1.144628909,1.761135195
1028,13.50537191,10.3900873,0.493456537,1.175070534,1.142742435,1.744075137
1029,13.15272517,10.03138624,0.493177021,1.182567804,1.148004439,1.712153096
1030,12.84012192,9.692343196,0.510100904,1.174942341,1.143003659,1.670499431
1031,12.55999706,9.377474731,0.532058127,1.163108097,1.136807981,1.634209597
1032,12.13135206,9.082412368,0.546566544,1.151199036,1.119574118,1.594337261
1033,11.8352752,8.794770588,0.563488069,1.133049721,1.09705341,1.553801531
1034,11.54839993,8.535216659,0.57145034,1.104054451,1.072978886,1.512353194
1035,11.40231008,8.293161487,0.567557488,1.084231441,1.069616505,1.468512708
1036,11.21400003,8.078013814,0.564428746,1.077086126,1.083584411,1.428430638
1037,10.92891337,7.871511259,0.557282406,1.068575907,1.090312409,1.394216783
1038,10.88147493,7.677236845,0.558326998,1.052353323,1.095753268,1.374738543
1039,10.71886151,7.510351558,0.558998517,1.057630801,1.078069027,1.381730045
1040,10.47656386,7.350609483,0.559813068,1.083260163,1.061665004,1.410641014
1041,10.33938628,7.18450753,0.559518281,1.103635889,1.042907549,1.467092802
1042,10.11103209,7.045996819,0.551580473,1.138101046,1.047381717,1.515986256
1043,9.945758868,6.916145517,0.543826066,1.189288686,1.054764477,1.545051201
1044,9.742207536,6.808555045,0.543199917,1.249818204,1.071349483,1.555933872
1045,9.656896082,6.708116028,0.541084142,1.315874615,1.097808797,1.5572885
1046,9.632685476,6.622362723,0.541100261,1.363099429,1.123099259,1.549710036
1047,9.463459919,6.520719938,0.542186542,1.404644958,1.150238734,1.537544185
1048,9.398610124,6.421608991,0.547886171,1.448009736,1.153916215,1.530272535
1049,9.427827104,6.346212966,0.539848652,1.493263964,1.188801092,1.521137022
1050,9.467798973,6.274028998,0.536647211,1.539893206,1.217475558,1.506896282
1051,9.472467155,6.214119997,0.543987111,1.576441018,1.245321195,1.487552355
1052,9.539219631,6.168246958,0.549542251,1.631101339,1.267383966,1.461004433
1053,9.562918477,6.126635802,0.552659189,1.697482781,1.29954879,1.440186158
1054,9.368297428,6.092066679,0.554788816,1.763356786,1.346259347,1.425761054
1055,9.45684753,6.069740239,0.557065851,1.816691122,1.387939107,1.418132017
1056,9.527875834,6.046916175,0.565637036,1.900830661,1.434702338,1.429131275
1057,9.464114684,6.024896584,0.569279704,1.975288743,1.47967081,1.455756968
1058,9.569828991,6.017720874,0.578740686,2.05965048,1.522450661,1.481062052
1059,9.548566045,6.006334288,0.591488052,2.124054642,1.559245369,1.494684119
1060,9.675183362,5.979066196,0.594073911,2.193399299,1.581059601,1.499925717
1061,9.740223005,5.970405398,0.585431545,2.267255429,1.624337674,1.496996201
1062,9.669861952,5.960498926,0.572614619,2.348718895,1.681412259,1.491313781
1063,9.772636428,5.954669443,0.560307356,2.453021652,1.750479612,1.472000972
1064,9.823819677,5.966365667,0.540598978,2.601894629,1.82285303,1.447552627
1065,9.861215732,5.996168961,0.529842673,2.79981307,1.929362306,1.420606341
1066,10.08587929,6.025075235,0.527558369,3.023359226,2.051533165,1.391831349
1067,10.18748302,6.08017712,0.520181489,3.288973479,2.194931014,1.378028963
1068,10.67359432,6.133985362,0.507062076,3.643977351,2.385789683,1.37450064
1069,11.09036867,6.223186542,0.503312806,4.093967388,2.599155297,1.376248397
1070,11.50510785,6.323737065,0.501646184,4.662490495,2.882129263,1.375959279
1071,12.0839723,6.451192114,0.492033308,5.341437945,3.228316962,1.366699021
1072,12.67990332,6.575112455,0.483224805,6.168375543,3.678444705,1.346071706
1073,13.64514001,6.705047253,0.473727008,7.193000361,4.249866577,1.319477386
1074,14.57453628,6.862667129,0.46034243,8.404658451,4.93033428,1.298410537
1075,15.81418964,7.031292915,0.454941985,9.813146149,5.768228468,1.284126672
1076,17.18781485,7.18289189,0.446113106,11.42364985,6.729307034,1.281149632
1077,18.65165253,7.381525646,0.442654975,13.38442202,7.870853187,1.291384104
1078,19.93154332,7.597531104,0.441777215,15.47148288,9.100347636,1.300557434
1079,21.58080675,7.825492108,0.446748363,17.71679507,10.39833966,1.310252924
1080,23.08185884,8.059541209,0.456378459,20.03771912,11.65706711,1.322754538
1081,24.3496209,8.329638204,0.468088474,22.35664009,12.88914082,1.326923722
1082,25.45418359,8.578651444,0.482634586,24.53831539,14.01164878,1.335771126
1083,26.45430283,8.854420017,0.489117769,26.10424283,14.83564896,1.327370837
1084,26.78969013,9.130826093,0.488507443,27.10746561,15.32555546,1.315124699
1085,26.82909224,9.37260178,0.488715006,27.31424871,15.42835752,1.293356554
1086,26.61212372,9.64688279,0.485540098,26.73071254,15.18925574,1.263436841
1087,26.24580655,9.945731875,0.471150108,25.49679341,14.64272964,1.241377304
1088,25.61090768,10.22606,0.463062579,23.73349531,13.76388852,1.229890239
1089,24.97819191,10.50699941,0.447372248,21.76470416,12.82977796,1.229893937
1090,24.31459049,10.81088355,0.436597301,19.78357811,11.78009139,1.237544717
1091,23.11433386,11.103625,0.436886458,17.75046325,10.6470953,1.251232904
1092,22.6097532,11.39176158,0.441682531,15.90674631,9.607530467,1.267035937
1093,21.98726363,11.68355145,0.454650584,14.16313654,8.596986749,1.278925155
1094,21.45765882,11.95577985,0.467236379,12.70227213,7.703028603,1.283227717
1095,20.97021552,12.25284241,0.477639016,11.38626437,6.794851397,1.26882003
1096,20.47733591,12.59657089,0.48355508,10.25130306,6.368809208,1.250810078
1097,20.75033261,12.92239234,0.486151558,9.300638101,6.01620301,1.227619926
1098,20.86984006,13.27849167,0.487609007,8.628474984,5.720182398,1.21989119
1099,20.81337995,13.66821024,0.494322598,7.995532425,5.474682636,1.232041044
1100,20.90380381,14.07188234,0.501919387,7.500578238,5.284418432,1.260820556
1101,20.9710085,,0.509797805,7.463410727,5.13789182,1.289731612
1102,21.10450967,,0.512604331,7.26848427,5.017387578,1.325310603
1103,21.46317822,,0.504616442,7.115204842,4.924508135,1.351898827
1104,22.11217419,,0.498392378,6.987728701,4.856063729,1.379601337
1105,23.14712843,,0.494440138,6.903190231,4.803135657,1.405443165
1106,24.63053191,,0.495310182,6.851019244,4.767925248,1.435262348
1107,26.37960937,,0.489936926,6.83856216,4.761712048,1.452684102
1108,28.24057804,,0.475084605,6.881118255,4.781644125,1.462651029
1109,29.97748238,,0.467349734,6.990919896,4.820352311,1.465598516
1110,31.43371034,,0.458850605,7.154618752,4.891608914,1.459537876
1111,32.73834192,,0.448903225,7.38178613,4.995723261,1.436404146
1112,34.23657918,,0.447495521,7.684765704,5.137409368,1.385381924
1113,35.98515571,,0.453974933,8.041101554,5.315532242,1.322286002
1114,37.9488745,,0.464274973,8.456854956,5.526101648,1.26137367
1115,40.32258062,,0.477976002,8.949787146,5.784007658,1.206434457
1116,43.14464609,,0.48967414,9.517602773,6.088304659,1.181691676
1117,46.38915791,,0.502656657,10.20635328,6.465778365,1.181588969
1118,49.72543015,,0.507500826,10.98129508,6.88783598,1.196595089
1119,52.88516569,,0.512477541,11.83893473,7.351822776,1.216383596
1120,56.27635718,,0.516617358,12.80718399,7.881829506,1.233063178
1121,59.75424423,,0.513795566,13.8823464,8.475656692,1.244463083
1122,63.55426353,,0.507660024,15.11603274,9.147295694,1.250569621
1123,67.5414285,,0.496979326,16.40668319,9.838191748,1.261024581
1124,71.474895,,0.494896961,17.70810768,10.53220517,1.265410548
1125,75.51048991,,0.498991266,19.01170728,11.20600119,1.275528643
1126,79.93356341,,0.498569994,20.335403,11.90591223,1.278035059
1127,84.4812663,,0.506867403,21.53379236,12.53016354,1.26122611
1128,88.91111269,,0.512457919,22.52637928,13.05301694,1.239482433
1129,92.90016443,,0.511526139,23.30055305,13.47442569,1.214283227
1130,96.66994195,,0.516670753,23.83335784,13.78958144,1.192258515
1131,99.61000208,,0.517703371,24.07803591,13.97326506,1.17139253
1132,101.9876858,,0.516269503,24.0565337,14.03148291,1.163334085
1133,103.8676813,,0.510857392,23.8519611,14.00451508,1.151271748
1134,105.6912771,,0.509760459,23.49134796,13.88598565,1.15012656
1135,107.2838092,,0.507856973,23.0886583,13.71811205,1.160748986
1136,108.5645646,,0.508177071,22.66179861,13.52578131,1.175467529
1137,109.6495962,,0.501075292,22.21799045,13.31148817,1.197601811
1138,110.1284929,,0.49539763,21.85038206,13.09943038,1.222061458
1139,110.1018898,,0.497927052,21.55875934,12.92190493,1.245534953
1140,109.8745896,,0.495079403,21.33241052,12.76468946,1.264255287
1141,109.4911263,,0.490640817,21.16161849,12.63658535,1.274549494
1142,109.1056904,,0.490187625,21.07674743,12.54118648,1.279312939
1143,108.4596512,,0.483704728,21.03329802,12.47065092,1.288090758
1144,107.6972314,,0.480564689,21.03905429,12.42205566,1.294604945
1145,106.553928,,0.481290597,21.04962205,12.40875765,1.292838312
1146,105.277374,,0.48762327,21.08876387,12.4228992,1.279565107
1147,103.7929821,,0.496891816,21.15933572,12.45385339,1.254409632
1148,102.3096186,,0.502425937,21.26617339,12.52213563,1.222927911
1149,100.8218658,,0.501966252,21.43651922,12.60498527,1.198049875
1150,99.1720735,,0.500377871,21.66177509,12.7291915,1.17739582
1151,97.67843088,,0.488377421,21.96512532,12.89587112,1.148326631
1152,96.19240901,,0.478041312,22.37466829,13.10545569,1.111569002
1153,94.88118167,,0.469663419,22.86263884,13.35746533,1.068492709
1154,93.82874352,,0.460580056,23.42557228,13.66953883,1.032973915
1155,92.96260394,,0.453303377,24.12875644,14.0695796,1.000480777
1156,92.17121474,,0.449479273,24.93917961,14.52272617,0.983854024
1157,91.63476146,,0.444043363,25.84895679,15.01373,0.981280513
1158,91.13283903,,0.43923225,26.93367332,15.59006028,0.988876377
1159,90.58667671,,0.437067761,28.09464549,16.20672844,0.996768776
1160,90.13278547,,0.430248742,29.40602933,16.91481767,0.99437688
1161,90.0459172,,0.422812523,30.71721105,17.62244437,0.985269487
1162,90.30999865,,0.411759187,32.02152622,18.33222743,0.993796664
1163,90.7526218,,0.401953789,33.38387704,19.07684003,1.011791714
1164,91.43450131,,0.392195765,34.65697326,19.7789082,1.027972311
1165,92.22284673,,0.393642883,35.78726028,20.42099124,1.047427042
1166,92.79345705,,0.397702598,36.59105647,20.93847484,1.067372002
1167,93.28882452,,0.411267775,37.04727843,21.29801609,1.087609256
1168,93.61118852,,0.418052037,37.06284683,21.45310312,1.107896222
1169,93.81780281,,0.428310829,36.64413305,21.39488465,1.123358872
1170,94.10907485,,0.431420827,35.84376086,21.13040987,1.127199524
1171,94.43065645,,0.437089987,34.79886296,20.70174154,1.127033567
1172,94.82094313,,0.443359741,33.54942619,20.12245124,1.128848981
1173,95.19071553,,0.456402373,32.28030734,19.47798522,1.131882082
1174,95.57771669,,0.471501417,31.07435596,18.76862123,1.134262009
1175,96.19405693,,0.479377265,29.98575125,18.0960047,1.139112816
1176,97.11577185,,0.492212693,29.00414915,17.43692404,1.13283977
1177,98.46284936,,0.503342421,28.17156719,16.86821316,1.116613608
1178,100.3594823,,0.50445729,27.45807736,16.34503019,1.105407969
1179,102.8863676,,0.503373849,26.84781628,15.9122804,1.095024947
1180,106.1390118,,0.505005248,26.33101919,15.54622405,1.097412943
1181,109.7980224,,0.506674274,25.93260924,15.25810484,1.1148084
1182,113.7916144,,0.507120069,25.59592452,15.0147142,1.140844302
1183,118.0230299,,0.504920674,25.3392009,14.84349943,1.170759944
1184,122.1821434,,0.503381345,25.15426892,14.71025465,1.18977087
1185,126.3192496,,0.498610641,25.0216878,14.61397941,1.199896833
1186,130.8253984,,0.492188617,24.91356653,14.54177839,1.195407077
1187,135.3451755,,0.478337127,24.85526985,14.49933322,1.18781419
1188,140.0237333,,0.465929708,24.80391952,14.46882424,1.170769223
1189,144.6825307,,0.462841517,24.78418006,14.44256565,1.146004838
1190,149.3013208,,0.463914338,24.78358853,14.42410082,1.123799661
1191,154.2679689,,0.471109707,24.76145978,14.41347545,1.106507479
1192,158.9541091,,0.492154346,24.72679701,14.41664231,1.092808016
1193,163.6478243,,0.508972891,24.65630913,14.4049239,1.077616124
1194,168.2594764,,0.514891008,24.55658454,14.3729818,1.062761911
1195,173.1178129,,0.509848509,24.38551426,14.33043035,1.04469623
1196,178.0543644,,0.499717287,24.18618544,14.28214009,1.03169936
1197,182.9843354,,0.489766284,23.93555342,14.21179967,1.01840165
1198,188.1170963,,0.480639749,23.63755604,14.11012701,1.033383894
1199,193.2332008,,0.479083396,23.32463783,13.98569732,1.065344177
1200,198.4083274,,0.488087377,22.97779643,13.82498661,1.1