Empty,Empyt2,Wavelength,Transmission,Reflection
,,300,6.9152,93.0848
,,301,7.00196,92.99804
,,302,5.72108,94.27892
,,303,2.28771,97.71229
,,304,1.29189,98.70811
,,305,1.14346,98.85654
,,306,1.06441,98.93559
,,307,0.82027,99.17973
,,308,0.75003,99.24997
,,309,1.05971,98.94029
,,310,2.55516,97.44484
,,311,7.28093,92.71907
,,312,8.69579,91.30421
,,313,11.0659,88.9341
,,314,11.82544,88.17456
,,315,11.85979,88.14021
,,316,13.75791,86.24209
,,317,19.73944,80.26056
,,318,21.12754,78.87246
,,319,14.38338,85.61662
,,320,14.81943,85.18057
,,321,24.83384,75.16616
,,322,30.3352,69.6648
,,323,17.39578,82.60422
,,324,13.82021,86.17979
,,325,17.61413,82.38587
,,326,29.07566,70.92434
,,327,28.37467,71.62533
,,328,15.74013,84.25987
,,329,8.66182,91.33818
,,330,5.21937,94.78063
,,331,4.03198,95.96802
,,332,4.74099,95.25901
,,333,10.55892,89.44108
,,334,15.25542,84.74458
,,335,3.04053,96.95947
,,336,1.21175,98.78825
,,337,0.82756,99.17244
,,338,0.85778,99.14222
,,339,1.3484,98.6516
,,340,3.6028,96.3972
,,341,19.19911,80.80089
,,342,20.19985,79.80015
,,343,7.85673,92.14327
,,344,6.23119,93.76881
,,345,6.3175,93.6825
,,346,7.02246,92.97754
,,347,9.19205,90.80795
,,348,15.05329,84.94671
,,349,25.42565,74.57435
,,350,52.17142,47.82858
,,351,38.30944,61.69056
,,352,79.37567,20.62433
,,353,39.99234,60.00766
,,354,17.38497,82.61503
,,355,13.00698,86.99302
,,356,14.57415,85.42585
,,357,19.71373,80.28627
,,358,16.56737,83.43263
,,359,5.75925,94.24075
,,360,2.45279,97.54721
,,361,1.66575,98.33425
,,362,1.95914,98.04086
,,363,4.10002,95.89998
,,364,2.05127,97.94873
,,365,0.61511,99.38489
,,366,0.30231,99.69769
,,367,0.22647,99.77353
,,368,0.23812,99.76188
,,369,0.29703,99.70297
,,370,0.32203,99.67797
,,371,0.26113,99.73887
,,372,0.19836,99.80164
,,373,0.18106,99.81894
,,374,0.21343,99.78657
,,375,0.33701,99.66299
,,376,0.76388,99.23612
,,377,2.96459,97.03541
,,378,21.67911,78.32089
,,379,13.04116,86.95884
,,380,8.12359,91.87641
,,381,25.14725,74.85275
,,382,21.84771,78.15229
,,383,35.4638,64.5362
,,384,46.4573,53.5427
,,385,40.73751,59.26249
,,386,36.31148,63.68852
,,387,40.16461,59.83539
,,388,56.755,43.245
,,389,77.37968,22.62032
,,390,37.74062,62.25938
,,391,13.90424,86.09576
,,392,7.95411,92.04589
,,393,6.22029,93.77971
,,394,6.19327,93.80673
,,395,7.4911,92.5089
,,396,10.45611,89.54389
,,397,15.43598,84.56402
,,398,21.77263,78.22737
,,399,27.63833,72.36167
,,400,32.73227,67.26773
,,401,37.3801,62.6199
,,402,40.17443,59.82557
,,403,41.86365,58.13635
,,404,44.55186,55.44814
,,405,49.15189,50.84811
,,406,56.40322,43.59678
,,407,66.27152,33.72848
,,408,74.12779,25.87221
,,409,72.8393,27.1607
,,410,65.50818,34.49182
,,411,59.67556,40.32444
,,412,58.42544,41.57456
,,413,63.26732,36.73268
,,414,76.53669,23.46331
,,415,88.57023,11.42977
,,416,68.04122,31.95878
,,417,50.4501,49.5499
,,418,42.99634,57.00366
,,419,40.77592,59.22408
,,420,40.94612,59.05388
,,421,41.37723,58.62277
,,422,40.89535,59.10465
,,423,39.18415,60.81585
,,424,37.56795,62.43205
,,425,38.4858,61.5142
,,426,43.41579,56.58421
,,427,52.49778,47.50222
,,428,63.95784,36.04216
,,429,72.74134,27.25866
,,430,74.27431,25.72569
,,431,73.42505,26.57495
,,432,77.25019,22.74981
,,433,85.24333,14.75667
,,434,85.84614,14.15386
,,435,71.47027,28.52973
,,436,53.13505,46.86495
,,437,40.23709,59.76291
,,438,33.90782,66.09218
,,439,33.00089,66.99911
,,440,37.39778,62.60222
,,441,48.19437,51.80563
,,442,65.50077,34.49923
,,443,77.19448,22.80552
,,444,57.99565,42.00435
,,445,38.88615,61.11385
,,446,30.35323,69.64677
,,447,28.10259,71.89741
,,448,30.30982,69.69018
,,449,36.6986,63.3014
,,450,46.13777,53.86223
,,451,51.69873,48.30127
,,452,44.18134,55.81866
,,453,33.94657,66.05343
,,454,27.97444,72.02556
,,455,25.38929,74.61071
,,456,24.64939,75.35061
,,457,24.37305,75.62695
,,458,23.50407,76.49593
,,459,21.92945,78.07055
,,460,20.51846,79.48154
,,461,20.39547,79.60453
,,462,22.6832,77.3168
,,463,29.41843,70.58157
,,464,45.59389,54.40611
,,465,70.02033,29.97967
,,466,64.55838,35.44162
,,467,48.10782,51.89218
,,468,35.558,64.442
,,469,29.41447,70.58553
,,470,28.77539,71.22461
,,471,33.92794,66.07206
,,472,47.29082,52.70918
,,473,59.81198,40.18802
,,474,53.50179,46.49821
,,475,39.61489,60.38511
,,476,28.14147,71.85853
,,477,21.94805,78.05195
,,478,19.68354,80.31646
,,479,20.38036,79.61964
,,480,23.9345,76.0655
,,481,29.95795,70.04205
,,482,33.91404,66.08596
,,483,28.83239,71.16761
,,484,20.45926,79.54074
,,485,14.76421,85.23579
,,486,11.75234,88.24766
,,487,10.5253,89.4747
,,488,10.62421,89.37579
,,489,12.11981,87.88019
,,490,15.74279,84.25721
,,491,23.60283,76.39717
,,492,41.03871,58.96129
,,493,71.82713,28.17287
,,494,82.67762,17.32238
,,495,70.28817,29.71183
,,496,54.83365,45.16635
,,497,43.68259,56.31741
,,498,37.84526,62.15474
,,499,35.92078,64.07922
,,500,36.42161,63.57839
,,501,37.31618,62.68382
,,502,35.60308,64.39692
,,503,30.07131,69.92869
,,504,23.46069,76.53931
,,505,18.40247,81.59753
,,506,15.50637,84.49363
,,507,14.98433,85.01567
,,508,19.27688,80.72312
,,509,47.6566,52.3434
,,510,21.04999,78.95001
,,511,16.66141,83.33859
,,512,23.48222,76.51778
,,513,38.90307,61.09693
,,514,46.6589,53.3411
,,515,29.04518,70.95482
,,516,15.7505,84.2495
,,517,9.81268,90.18732
,,518,7.18341,92.81659
,,519,6.08724,93.91276
,,520,5.91088,94.08912
,,521,6.56327,93.43673
,,522,8.32621,91.67379
,,523,11.71191,88.28809
,,524,15.64558,84.35442
,,525,14.23287,85.76713
,,526,8.5575,91.4425
,,527,5.04704,94.95296
,,528,3.31555,96.68445
,,529,2.45399,97.54601
,,530,2.02763,97.97237
,,531,1.85436,98.14564
,,532,1.87008,98.12992
,,533,2.08778,97.91222
,,534,2.64025,97.35975
,,535,4.16868,95.83132
,,536,9.67836,90.32164
,,537,7.9109,92.0891
,,538,5.55808,94.44192
,,539,4.63161,95.36839
,,540,3.87239,96.12761
,,541,3.26977,96.73023
,,542,3.07944,96.92056
,,543,3.38465,96.61535
,,544,4.43772,95.56228
,,545,7.34369,92.65631
,,546,17.10171,82.89829
,,547,39.96629,60.03371
,,548,16.03383,83.96617
,,549,5.46402,94.53598
,,550,2.62721,97.37279
,,551,1.58778,98.41222
,,552,1.12244,98.87756
,,553,0.89467,99.10533
,,554,0.78625,99.21375
,,555,0.75339,99.24661
,,556,0.78216,99.21784
,,557,0.87613,99.12387
,,558,1.05264,98.94736
,,559,1.33602,98.66398
,,560,1.72268,98.27732
,,561,2.09084,97.90916
,,562,2.19198,97.80802
,,563,1.93199,98.06801
,,564,1.56378,98.43622
,,565,1.28431,98.71569
,,566,1.11812,98.88188
,,567,1.04837,98.95163
,,568,1.06428,98.93572
,,569,1.17007,98.82993
,,570,1.37937,98.62063
,,571,1.69225,98.30775
,,572,2.07601,97.92399
,,573,2.34668,97.65332
,,574,2.21521,97.78479
,,575,1.77584,98.22416
,,576,1.34303,98.65697
,,577,1.03999,98.96001
,,578,0.85475,99.14525
,,579,0.7542,99.2458
,,580,0.71622,99.28378
,,581,0.73186,99.26814
,,582,0.80302,99.19698
,,583,0.93893,99.06107
,,584,1.14289,98.85711
,,585,1.37196,98.62804
,,586,1.48104,98.51896
,,587,1.331,98.669
,,588,1.02873,98.97127
,,589,0.75541,99.24459
,,590,0.56632,99.43368
,,591,0.44708,99.55292
,,592,0.37517,99.62483
,,593,0.3352,99.6648
,,594,0.31877,99.68123
,,595,0.32265,99.67735
,,596,0.34788,99.65212
,,597,0.40007,99.59993
,,598,0.49044,99.50956
,,599,0.63454,99.36546
,,600,0.83343,99.16657
,,601,1.01027,98.98973
,,602,1.00043,98.99957
,,603,0.79728,99.20272
,,604,0.57262,99.42738
,,605,0.41086,99.58914
,,606,0.30804,99.69196
,,607,0.24426,99.75574
,,608,0.20487,99.79513
,,609,0.18123,99.81877
,,610,0.16853,99.83147
,,611,0.16438,99.83562
,,612,0.16791,99.83209
,,613,0.17956,99.82044
,,614,0.20115,99.79885
,,615,0.23641,99.76359
,,616,0.2922,99.7078
,,617,0.38076,99.61924
,,618,0.52357,99.47643
,,619,0.75529,99.24471
,,620,1.11426,98.88574
,,621,1.57059,98.42941
,,622,1.89505,98.10495
,,623,1.8524,98.1476
,,624,1.58125,98.41875
,,625,1.31117,98.68883
,,626,1.12121,98.87879
,,627,1.00992,98.99008
,,628,0.96178,99.03822
,,629,0.96562,99.03438
,,630,1.01585,98.98415
,,631,1.10956,98.89044
,,632,1.24108,98.75892
,,633,1.39364,98.60636
,,634,1.53252,98.46748
,,635,1.61305,98.38695
,,636,1.60981,98.39019
,,637,1.5395,98.4605
,,638,1.44282,98.55718
,,639,1.35669,98.64331
,,640,1.30338,98.69662
,,641,1.29408,98.70592
,,642,1.33499,98.66501
,,643,1.4299,98.5701
,,644,1.57612,98.42388
,,645,1.75095,98.24905
,,646,1.89715,98.10285
,,647,1.94414,98.05586
,,648,1.85784,98.14216
,,649,1.67072,98.32928
,,650,1.49675,98.50325
,,651,1.37061,98.62939
,,652,1.1288,98.8712
,,653,0.77601,99.22399
,,654,0.52774,99.47226
,,655,0.39233,99.60767
,,656,0.31849,99.68151
,,657,0.27717,99.72283
,,658,0.25515,99.74485
,,659,0.24656,99.75344
,,660,0.24916,99.75084
,,661,0.26293,99.73707
,,662,0.28988,99.71012
,,663,0.33439,99.66561
,,664,0.40438,99.59562
,,665,0.5129,99.4871
,,666,0.6785,99.3215
,,667,0.91417,99.08583
,,668,1.17119,98.82881
,,669,1.24379,98.75621
,,670,1.04642,98.95358
,,671,0.77937,99.22063
,,672,0.565,99.435
,,673,0.41888,99.58112
,,674,0.32335,99.67665
,,675,0.26084,99.73916
,,676,0.21951,99.78049
,,677,0.1922,99.8078
,,678,0.17461,99.82539
,,679,0.16425,99.83575
,,680,0.15975,99.84025
,,681,0.16054,99.83946
,,682,0.16671,99.83329
,,683,0.17905,99.82095
,,684,0.19925,99.80075
,,685,0.23041,99.76959
,,686,0.27812,99.72188
,,687,0.35276,99.64724
,,688,0.47496,99.52504
,,689,0.68779,99.31221
,,690,1.02283,98.97717
,,691,1.45508,98.54492
,,692,1.9352,98.0648
,,693,1.94093,98.05907
,,694,1.453,98.547
,,695,0.97913,99.02087
,,696,0.67134,99.32866
,,697,0.48573,99.51427
,,698,0.37106,99.62894
,,699,0.29761,99.70239
,,700,0.24896,99.75104
,,701,0.21602,99.78398
,,702,0.19352,99.80648
,,703,0.17838,99.82162
,,704,0.16872,99.83128
,,705,0.16339,99.83661
,,706,0.16177,99.83823
,,707,0.16352,99.83648
,,708,0.16862,99.83138
,,709,0.17726,99.82274
,,710,0.18988,99.81012
,,711,0.20722,99.79278
,,712,0.23038,99.76962
,,713,0.26093,99.73907
,,714,0.30117,99.69883
,,715,0.35435,99.64565
,,716,0.42515,99.57485
,,717,0.52033,99.47967
,,718,0.64969,99.35031
,,719,0.82725,99.17275
,,720,1.07261,98.92739
,,721,1.4113,98.5887
,,722,1.87163,98.12837
,,723,2.47192,97.52808
,,724,3.19248,96.80752
,,725,3.9416,96.0584
,,726,4.56311,95.43689
,,727,4.92508,95.07492
,,728,5.01421,94.98579
,,729,4.92195,95.07805
,,730,4.76112,95.23888
,,731,4.61292,95.38708
,,732,4.52219,95.47781
,,733,4.51091,95.48909
,,734,4.59122,95.40878
,,735,4.77351,95.22649
,,736,5.0712,94.9288
,,737,5.5038,94.4962
,,738,6.09956,93.90044
,,739,6.89821,93.10179
,,740,7.95442,92.04558
,,741,9.34114,90.65886
,,742,11.15257,88.84743
,,743,13.50325,86.49675
,,744,16.51875,83.48125
,,745,20.30759,79.69241
,,746,24.90658,75.09342
,,747,30.20019,69.79981
,,748,35.85797,64.14203
,,749,41.37431,58.62569
,,750,46.28074,53.71926
,,751,50.44475,49.55525
,,752,54.22688,45.77312
,,753,58.27254,41.72746
,,754,62.88884,37.11116
,,755,67.52709,32.47291
,,756,71.37318,28.62682
,,757,74.35608,25.64392
,,758,77.02241,22.97759
,,759,79.88458,20.11542
,,760,83.13232,16.86768
,,761,86.61537,13.38463
,,762,89.90896,10.09104
,,763,92.45846,7.54154
,,764,93.8208,6.1792
,,765,93.88192,6.11808
,,766,92.88543,7.11457
,,767,91.2766,8.7234
,,768,89.48383,10.51617
,,769,87.83005,12.16995
,,770,86.5179,13.4821
,,771,85.6567,14.3433
,,772,85.29332,14.70668
,,773,85.43414,14.56586
,,774,86.05577,13.94423
,,775,87.10769,12.89231
,,776,88.50966,11.49034
,,777,90.14763,9.85237
,,778,91.87265,8.12735
,,779,93.50756,6.49244
,,780,94.8662,5.1338
,,781,95.78391,4.21609
,,782,96.15228,3.84772
,,783,95.94384,4.05616
,,784,95.21571,4.78429
,,785,94.09076,5.90924
,,786,92.72559,7.27441
,,787,91.27921,8.72079
,,788,89.89077,10.10923
,,789,88.66948,11.33052
,,790,87.69298,12.30702
,,791,87.01107,12.98893
,,792,86.65054,13.34946
,,793,86.61984,13.38016
,,794,86.9121,13.0879
,,795,87.50679,12.49321
,,796,88.3699,11.6301
,,797,89.45325,10.54675
,,798,90.69364,9.30636
,,799,92.01251,7.98749
,,800,93.31792,6.68208
,,801,94.50925,5.49075
,,802,95.48631,4.51369
,,803,96.16135,3.83865
,,804,96.47246,3.52754
,,805,96.39422,3.60578
,,806,95.94228,4.05772
,,807,95.17011,4.82989
,,808,94.15893,5.84107
,,809,93.00434,6.99566
,,810,91.8031,8.1969
,,811,90.64321,9.35679
,,812,89.59763,10.40237
,,813,88.72197,11.27803
,,814,88.0542,11.9458
,,815,87.6161,12.3839
,,816,87.41467,12.58533
,,817,87.44377,12.55623
,,818,87.6852,12.3148
,,819,88.10968,11.89032
,,820,88.67774,11.32226
,,821,89.34111,10.65889
,,822,90.04481,9.95519
,,823,90.73042,9.26958
,,824,91.34044,8.65956
,,825,91.82343,8.17657
,,826,92.13929,7.86071
,,827,92.26352,7.73648
,,828,92.1896,7.8104
,,829,91.92905,8.07095
,,830,91.50904,8.49096
,,831,90.96847,9.03153
,,832,90.35314,9.64686
,,833,89.71126,10.28874
,,834,89.08958,10.91042
,,835,88.53077,11.46923
,,836,88.07153,11.92847
,,837,87.74172,12.25828
,,838,87.56381,12.43619
,,839,87.55261,12.44739
,,840,87.71503,12.28497
,,841,88.0498,11.9502
,,842,88.54704,11.45296
,,843,89.18787,10.81213
,,844,89.94427,10.05573
,,845,90.77933,9.22067
,,846,91.64836,8.35164
,,847,92.50106,7.49894
,,848,93.28498,6.71502
,,849,93.94986,6.05014
,,850,94.45267,5.54733
,,851,94.76003,5.23997
,,852,94.86191,5.13809
,,853,94.75802,5.24198
,,854,94.46275,5.53725
,,855,94.00249,5.99751
,,856,93.41181,6.58819
,,857,92.72948,7.27052
,,858,91.99491,8.00509
,,859,91.24552,8.75448
,,860,90.51502,9.48498
,,861,89.83256,10.16744
,,862,89.22244,10.77756
,,863,88.70418,11.29582
,,864,88.29269,11.70731
,,865,87.99841,12.00159
,,866,87.8274,12.1726
,,867,87.78124,12.21876
,,868,87.85686,12.14314
,,869,88.04637,11.95363
,,870,88.33687,11.66313
,,871,88.71047,11.28953
,,872,89.14465,10.85535
,,873,89.61297,10.38703
,,874,90.08638,9.91362
,,875,90.53501,9.46499
,,876,90.93034,9.06966
,,877,91.24765,8.75235
,,878,91.46814,8.53186
,,879,91.58065,8.41935
,,880,91.58243,8.41757
,,881,91.47899,8.52101
,,882,91.28296,8.71704
,,883,91.01232,8.98768
,,884,90.68825,9.31175
,,885,90.33301,9.66699
,,886,89.9681,10.0319
,,887,89.61289,10.38711
,,888,89.28371,10.71629
,,889,88.99343,11.00657
,,890,88.75137,11.24863
,,891,88.5634,11.4366
,,892,88.43224,11.56776
,,893,88.35781,11.64219
,,894,88.33753,11.66247
,,895,88.36665,11.63335
,,896,88.43854,11.56146
,,897,88.545,11.455
,,898,88.67658,11.32342
,,899,88.82293,11.17707
,,900,88.97323,11.02677
,,901,89.11667,10.88333
,,902,89.24305,10.75695
,,903,89.34331,10.65669
,,904,89.41011,10.58989
,,905,89.43832,10.56168
,,906,89.42538,10.57462
,,907,89.37148,10.62852
,,908,89.27952,10.72048
,,909,89.15496,10.84504
,,910,89.00537,10.99463
,,911,88.84002,11.15998
,,912,88.66926,11.33074
,,913,88.50397,11.49603
,,914,88.35508,11.64492
,,915,88.23303,11.76697
,,916,88.14743,11.85257
,,917,88.10671,11.89329
,,918,88.11784,11.88216
,,919,88.18418,11.81582
,,920,88.31061,11.68939
,,921,88.49843,11.50157
,,922,88.74664,11.25336
,,923,89.05175,10.94825
,,924,89.40759,10.59241
,,925,89.80521,10.19479
,,926,90.23286,9.76714
,,927,90.67621,9.32379
,,928,91.11863,8.88137
,,929,91.5419,8.4581
,,930,91.92706,8.07294
,,931,92.25557,7.74443
,,932,92.51057,7.48943
,,933,92.67826,7.32174
,,934,92.74902,7.25098
,,935,92.71831,7.28169
,,936,92.58711,7.41289
,,937,92.36183,7.63817
,,938,92.05369,7.94631
,,939,91.67779,8.32221
,,940,91.25179,8.74821
,,941,90.79465,9.20535
,,942,90.32535,9.67465
,,943,89.86188,10.13812
,,944,89.4205,10.5795
,,945,89.01524,10.98476
,,946,88.65767,11.34233
,,947,88.35698,11.64302
,,948,88.12005,11.87995
,,949,87.95175,12.04825
,,950,87.8552,12.1448
,,951,87.83207,12.16793
,,952,87.88276,12.11724
,,953,88.00664,11.99336
,,954,88.20213,11.79787
,,955,88.46667,11.53333
,,956,88.79671,11.20329
,,957,89.18754,10.81246
,,958,89.63309,10.36691
,,959,90.12569,9.87431
,,960,90.6559,9.3441
,,961,91.21226,8.78774
,,962,91.7813,8.2187
,,963,92.34762,7.65238
,,964,92.89416,7.10584
,,965,93.40281,6.59719
,,966,93.85522,6.14478
,,967,94.23378,5.76622
,,968,94.52282,5.47718
,,969,94.70976,5.29024
,,970,94.78613,5.21387
,,971,94.74834,5.25166
,,972,94.59804,5.40196
,,973,94.34198,5.65802
,,974,93.99148,6.00852
,,975,93.56156,6.43844
,,976,93.06982,6.93018
,,977,92.5352,7.4648
,,978,91.97688,8.02312
,,979,91.41324,8.58676
,,980,90.86115,9.13885
,,981,90.33542,9.66458
,,982,89.84844,10.15156
,,983,89.41017,10.58983
,,984,89.02811,10.97189
,,985,88.70867,11.29133
,,986,88.45341,11.54659
,,987,88.26353,11.73647
,,988,88.13859,11.86141
,,989,88.07673,11.92327
,,990,88.07486,11.92514
,,991,88.12881,11.87119
,,992,88.23345,11.76655
,,993,88.38283,11.61717
,,994,88.57027,11.42973
,,995,88.78843,11.21157
,,996,89.02942,10.97058
,,997,89.28491,10.71509
,,998,89.54627,10.45373
,,999,89.80472,10.19528
,,1000,90.05156,9.94844
,,1001,90.27839,9.72161
,,1002,90.47742,9.52258
,,1003,90.64168,9.35832
,,1004,90.76534,9.23466
,,1005,90.844,9.156
,,1006,90.87481,9.12519
,,1007,90.85667,9.14333
,,1008,90.79024,9.20976
,,1009,90.67792,9.32208
,,1010,90.52372,9.47628
,,1011,90.333,9.667
,,1012,90.11227,9.88773
,,1013,89.86886,10.13114
,,1014,89.61056,10.38944
,,1015,89.34539,10.65461
,,1016,89.08127,10.91873
,,1017,88.82581,11.17419
,,1018,88.58609,11.41391
,,1019,88.36855,11.63145
,,1020,88.1789,11.8211
,,1021,88.02203,11.97797
,,1022,87.90198,12.09802
,,1023,87.82198,12.17802
,,1024,87.78441,12.21559
,,1025,87.79084,12.20916
,,1026,87.84201,12.15799
,,1027,87.93787,12.06213
,,1028,88.07757,11.92243
,,1029,88.25944,11.74056
,,1030,88.48099,11.51901
,,1031,88.73888,11.26112
,,1032,89.02892,10.97108
,,1033,89.34603,10.65397
,,1034,89.68432,10.31568
,,1035,90.03705,9.96295
,,1036,90.39676,9.60324
,,1037,90.75539,9.24461
,,1038,91.10444,8.89556
,,1039,91.43516,8.56484
,,1040,91.73891,8.26109
,,1041,92.0074,7.9926
,,1042,92.23305,7.76695
,,1043,92.40933,7.59067
,,1044,92.53107,7.46893
,,1045,92.5947,7.4053
,,1046,92.59846,7.40154
,,1047,92.54257,7.45743
,,1048,92.42914,7.57086
,,1049,92.26195,7.73805
,,1050,92.04628,7.95372
,,1051,91.78873,8.21127
,,1052,91.4968,8.5032
,,1053,91.17864,8.82136
,,1054,90.84263,9.15737
,,1055,90.49714,9.50286
,,1056,90.15016,9.84984
,,1057,89.80918,10.19082
,,1058,89.48094,10.51906
,,1059,89.17134,10.82866
,,1060,88.88539,11.11461
,,1061,88.62712,11.37288
,,1062,88.39968,11.60032
,,1063,88.20527,11.79473
,,1064,88.04527,11.95473
,,1065,87.92041,12.07959
,,1066,87.83032,12.16968
,,1067,87.77416,12.22584
,,1068,87.75052,12.24948
,,1069,87.75747,12.24253
,,1070,87.79259,12.20741
,,1071,87.85305,12.14695
,,1072,87.93569,12.06431
,,1073,88.03704,11.96296
,,1074,88.15338,11.84662
,,1075,88.28083,11.71917
,,1076,88.41539,11.58461
,,1077,88.55299,11.44701
,,1078,88.68959,11.31041
,,1079,88.82127,11.17873
,,1080,88.94428,11.05572
,,1081,89.05513,10.94487
,,1082,89.15069,10.84931
,,1083,89.22829,10.77171
,,1084,89.28574,10.71426
,,1085,89.32145,10.67855
,,1086,89.33446,10.66554
,,1087,89.32447,10.67553
,,1088,89.29182,10.70818
,,1089,89.23754,10.76246
,,1090,89.16328,10.83672
,,1091,89.07125,10.92875
,,1092,88.96417,11.03583
,,1093,88.84518,11.15482
,,1094,88.71772,11.28228
,,1095,88.58549,11.41451
,,1096,88.4523,11.5477
,,1097,88.32199,11.67801
,,1098,88.19835,11.80165
,,1099,88.08507,11.91493
,,1100,87.9856,12.0144
,,1101,87.90152,12.09848
,,1102,87.83694,12.16306
,,1103,87.79442,12.20558
,,1104,87.77619,12.22381
,,1105,87.78413,12.21587
,,1106,87.81974,12.18026
,,1107,87.88416,12.11584
,,1108,87.97814,12.02186
,,1109,88.10207,11.89793
,,1110,88.25592,11.74408
,,1111,88.43927,11.56073
,,1112,88.6513,11.3487
,,1113,88.89075,11.10925
,,1114,89.15595,10.84405
,,1115,89.44476,10.55524
,,1116,89.75459,10.24541
,,1117,90.08236,9.91764
,,1118,90.42454,9.57546
,,1119,90.77712,9.22288
,,1120,91.13563,8.86437
,,1121,91.49519,8.50481
,,1122,91.85055,8.14945
,,1123,92.19616,7.80384
,,1124,92.52629,7.47371
,,1125,92.8351,7.1649
,,1126,93.11683,6.88317
,,1127,93.36595,6.63405
,,1128,93.57728,6.42272
,,1129,93.74624,6.25376
,,1130,93.86895,6.13105
,,1131,93.94242,6.05758
,,1132,93.96468,6.03532
,,1133,93.93484,6.06516
,,1134,93.85317,6.14683
,,1135,93.72108,6.27892
,,1136,93.54112,6.45888
,,1137,93.31683,6.68317
,,1138,93.05268,6.94732
,,1139,92.75389,7.24611
,,1140,92.42625,7.57375
,,1141,92.07595,7.92405
,,1142,91.70939,8.29061
,,1143,91.33303,8.66697
,,1144,90.95322,9.04678
,,1145,90.57605,9.42395
,,1146,90.20728,9.79272
,,1147,89.85223,10.14777
,,1148,89.51572,10.48428
,,1149,89.20205,10.79795
,,1150,88.91496,11.08504
,,1151,88.65765,11.34235
,,1152,88.43277,11.56723
,,1153,88.24247,11.75753
,,1154,88.0884,11.9116
,,1155,87.97176,12.02824
,,1156,87.89334,12.10666
,,1157,87.85353,12.14647
,,1158,87.85237,12.14763
,,1159,87.88959,12.11041
,,1160,87.9646,12.0354
,,1161,88.07657,11.92343
,,1162,88.22441,11.77559
,,1163,88.40678,11.59322
,,1164,88.62212,11.37788
,,1165,88.86866,11.13134
,,1166,89.14441,10.85559
,,1167,89.44716,10.55284
,,1168,89.77449,10.22551
,,1169,90.12373,9.87627
,,1170,90.492,9.508
,,1171,90.8762,9.1238
,,1172,91.27297,8.72703
,,1173,91.67872,8.32128
,,1174,92.08963,7.91037
,,1175,92.50168,7.49832
,,1176,92.91064,7.08936
,,1177,93.31213,6.68787
,,1178,93.70165,6.29835
,,1179,94.07464,5.92536
,,1180,94.42656,5.57344
,,1181,94.75292,5.24708
,,1182,95.04943,4.95057
,,1183,95.31206,4.68794
,,1184,95.53712,4.46288
,,1185,95.7214,4.2786
,,1186,95.86221,4.13779
,,1187,95.95749,4.04251
,,1188,96.00586,3.99414
,,1189,96.00665,3.99335
,,1190,95.95997,4.04003
,,1191,95.86664,4.13336
,,1192,95.72824,4.27176
,,1193,95.54699,4.45301
,,1194,95.32576,4.67424
,,1195,95.06793,4.93207
,,1196,94.77731,5.22269
,,1197,94.45806,5.54194
,,1198,94.11459,5.88541
,,1199,93.75141,6.24859
,,1200,93.3731,6.6269
,,1201,92.98416,7.01584
,,1202,92.589,7.411
,,1203,92.1918,7.8082
,,1204,91.79654,8.20346
,,1205,91.40689,8.59311
,,1206,91.0262,8.9738
,,1207,90.65753,9.34247
,,1208,90.30357,9.69643
,,1209,89.9667,10.0333
,,1210,89.64893,10.35107
,,1211,89.35199,10.64801
,,1212,89.0773,10.9227
,,1213,88.82599,11.17401
,,1214,88.59891,11.40109
,,1215,88.39669,11.60331
,,1216,88.21972,11.78028
,,1217,88.06819,11.93181
,,1218,87.9421,12.0579
,,1219,87.84131,12.15869
,,1220,87.76549,12.23451
,,1221,87.71421,12.28579
,,1222,87.68691,12.31309
,,1223,87.68293,12.31707
,,1224,87.70152,12.29848
,,1225,87.74183,12.25817
,,1226,87.80295,12.19705
,,1227,87.88393,12.11607
,,1228,87.98374,12.01626
,,1229,88.10129,11.89871
,,1230,88.2355,11.7645
,,1231,88.3852,11.6148
,,1232,88.54924,11.45076
,,1233,88.72643,11.27357
,,1234,88.91555,11.08445
,,1235,89.1154,10.8846
,,1236,89.32477,10.67523
,,1237,89.54244,10.45756
,,1238,89.76721,10.23279
,,1239,89.9979,10.0021
,,1240,90.23335,9.76665
,,1241,90.47242,9.52758
,,1242,90.714,9.286
,,1243,90.95704,9.04296
,,1244,91.2005,8.7995
,,1245,91.44342,8.55658
,,1246,91.68488,8.31512
,,1247,91.924,8.076
,,1248,92.15997,7.84003
,,1249,92.39204,7.60796
,,1250,92.6195,7.3805
,,1251,92.84172,7.15828
,,1252,93.05811,6.94189
,,1253,93.26814,6.73186
,,1254,93.47132,6.52868
,,1255,93.66722,6.33278
,,1256,93.85544,6.14456
,,1257,94.03563,5.96437
,,1258,94.20744,5.79256
,,1259,94.37058,5.62942
,,1260,94.52475,5.47525
,,1261,94.66968,5.33032
,,1262,94.80509,5.19491
,,1263,94.93072,5.06928
,,1264,95.0463,4.9537
,,1265,95.15153,4.84847
,,1266,95.24613,4.75387
,,1267,95.32978,4.67022
,,1268,95.40218,4.59782
,,1269,95.46298,4.53702
,,1270,95.51184,4.48816
,,1271,95.54839,4.45161
,,1272,95.57229,4.42771
,,1273,95.58315,4.41685
,,1274,95.58062,4.41938
,,1275,95.56434,4.43566
,,1276,95.534,4.466
,,1277,95.48928,4.51072
,,1278,95.42992,4.57008
,,1279,95.3557,4.6443
,,1280,95.26647,4.73353
,,1281,95.16212,4.83788
,,1282,95.04264,4.95736
,,1283,94.9081,5.0919
,,1284,94.75864,5.24136
,,1285,94.59452,5.40548
,,1286,94.4161,5.5839
,,1287,94.22384,5.77616
,,1288,94.0183,5.9817
,,1289,93.80016,6.19984
,,1290,93.57021,6.42979
,,1291,93.32932,6.67068
,,1292,93.07848,6.92152
,,1293,92.81876,7.18124
,,1294,92.55129,7.44871
,,1295,92.27732,7.72268
,,1296,91.9981,8.0019
,,1297,91.71497,8.28503
,,1298,91.42929,8.57071
,,1299,91.14245,8.85755
,,1300,90.85584,9.14416
,,1301,90.57086,9.42914
,,1302,90.28888,9.71112
,,1303,90.01127,9.98873
,,1304,89.73933,10.26067
,,1305,89.47434,10.52566
,,1306,89.21753,10.78247
,,1307,88.97005,11.02995
,,1308,88.73299,11.26701
,,1309,88.50738,11.49262
,,1310,88.29415,11.70585
,,1311,88.09416,11.90584
,,1312,87.90821,12.09179
,,1313,87.73698,12.26302
,,1314,87.5811,12.4189
,,1315,87.44109,12.55891
,,1316,87.31742,12.68258
,,1317,87.21044,12.78956
,,1318,87.12047,12.87953
,,1319,87.04772,12.95228
,,1320,86.99233,13.00767
,,1321,86.95439,13.04561
,,1322,86.93391,13.06609
,,1323,86.93083,13.06917
,,1324,86.94505,13.05495
,,1325,86.97639,13.02361
,,1326,87.02462,12.97538
,,1327,87.08947,12.91053
,,1328,87.1706,12.8294
,,1329,87.26762,12.73238
,,1330,87.38012,12.61988
,,1331,87.50761,12.49239
,,1332,87.64956,12.35044
,,1333,87.80541,12.19459
,,1334,87.97454,12.02546
,,1335,88.15628,11.84372
,,1336,88.34992,11.65008
,,1337,88.5547,11.4453
,,1338,88.76981,11.23019
,,1339,88.99439,11.00561
,,1340,89.22752,10.77248
,,1341,89.46824,10.53176
,,1342,89.71552,10.28448
,,1343,89.9683,10.0317
,,1344,90.22544,9.77456
,,1345,90.48576,9.51424
,,1346,90.74802,9.25198
,,1347,91.01095,8.98905
,,1348,91.2732,8.7268
,,1349,91.53342,8.46658
,,1350,91.79018,8.20982
,,1351,92.04205,7.95795
,,1352,92.2876,7.7124
,,1353,92.52534,7.47466
,,1354,92.75384,7.24616
,,1355,92.97165,7.02835
,,1356,93.17737,6.82263
,,1357,93.36965,6.63035
,,1358,93.5472,6.4528
,,1359,93.7088,6.2912
,,1360,93.85334,6.14666
,,1361,93.97983,6.02017
,,1362,94.0874,5.9126
,,1363,94.17532,5.82468
,,1364,94.243,5.757
,,1365,94.29005,5.70995
,,1366,94.31622,5.68378
,,1367,94.32145,5.67855
,,1368,94.30585,5.69415
,,1369,94.26971,5.73029
,,1370,94.21349,5.78651
,,1371,94.13782,5.86218
,,1372,94.04348,5.95652
,,1373,93.9314,6.0686
,,1374,93.80263,6.19737
,,1375,93.65835,6.34165
,,1376,93.49983,6.50017
,,1377,93.32841,6.67159
,,1378,93.14549,6.85451
,,1379,92.95254,7.04746
,,1380,92.75103,7.24897
,,1381,92.54244,7.45756
,,1382,92.32825,7.67175
,,1383,92.10991,7.89009
,,1384,91.88884,8.11116
,,1385,91.6664,8.3336
,,1386,91.44389,8.55611
,,1387,91.22256,8.77744
,,1388,91.00355,8.99645
,,1389,90.78794,9.21206
,,1390,90.57672,9.42328
,,1391,90.37079,9.62921
,,1392,90.17095,9.82905
,,1393,89.97791,10.02209
,,1394,89.79229,10.20771
,,1395,89.61462,10.38538
,,1396,89.44532,10.55468
,,1397,89.28476,10.71524
,,1398,89.1332,10.8668
,,1399,88.99083,11.00917
,,1400,88.85774,11.14226
,,1401,88.73399,11.26601
,,1402,88.61953,11.38047
,,1403,88.51428,11.48572
,,1404,88.41808,11.58192
,,1405,88.33072,11.66928
,,1406,88.25195,11.74805
,,1407,88.18147,11.81853
,,1408,88.11893,11.88107
,,1409,88.06397,11.93603
,,1410,88.01617,11.98383
,,1411,87.97509,12.02491
,,1412,87.9403,12.0597
,,1413,87.9113,12.0887
,,1414,87.88762,12.11238
,,1415,87.86877,12.13123
,,1416,87.85423,12.14577
,,1417,87.84352,12.15648
,,1418,87.83613,12.16387
,,1419,87.83157,12.16843
,,1420,87.82936,12.17064
,,1421,87.82904,12.17096
,,1422,87.83015,12.16985
,,1423,87.83228,12.16772
,,1424,87.83501,12.16499
,,1425,87.83798,12.16202
,,1426,87.84083,12.15917
,,1427,87.84326,12.15674
,,1428,87.84499,12.15501
,,1429,87.84577,12.15423
,,1430,87.84541,12.15459
,,1431,87.84374,12.15626
,,1432,87.84064,12.15936
,,1433,87.83604,12.16396
,,1434,87.82989,12.17011
,,1435,87.82222,12.17778
,,1436,87.81306,12.18694
,,1437,87.8025,12.1975
,,1438,87.79068,12.20932
,,1439,87.77776,12.22224
,,1440,87.76396,12.23604
,,1441,87.7495,12.2505
,,1442,87.73467,12.26533
,,1443,87.71977,12.28023
,,1444,87.70512,12.29488
,,1445,87.69108,12.30892
,,1446,87.67803,12.32197
,,1447,87.66635,12.33365
,,1448,87.65644,12.34356
,,1449,87.64872,12.35128
,,1450,87.64362,12.35638
,,1451,87.64155,12.35845
,,1452,87.64293,12.35707
,,1453,87.64819,12.35181
,,1454,87.65774,12.34226
,,1455,87.67197,12.32803
,,1456,87.69128,12.30872
,,1457,87.71604,12.28396
,,1458,87.7466,12.2534
,,1459,87.78331,12.21669
,,1460,87.82646,12.17354
,,1461,87.87634,12.12366
,,1462,87.93321,12.06679
,,1463,87.99731,12.00269
,,1464,88.06883,11.93117
,,1465,88.14793,11.85207
,,1466,88.23477,11.76523
,,1467,88.32944,11.67056
,,1468,88.432,11.568
,,1469,88.54249,11.45751
,,1470,88.66092,11.33908
,,1471,88.78724,11.21276
,,1472,88.92137,11.07863
,,1473,89.0632,10.9368
,,1474,89.21259,10.78741
,,1475,89.36935,10.63065
,,1476,89.53324,10.46676
,,1477,89.70401,10.29599
,,1478,89.88136,10.11864
,,1479,90.06493,9.93507
,,1480,90.25436,9.74564
,,1481,90.44923,9.55077
,,1482,90.64907,9.35093
,,1483,90.85339,9.14661
,,1484,91.06166,8.93834
,,1485,91.2733,8.7267
,,1486,91.48771,8.51229
,,1487,91.70424,8.29576
,,1488,91.9222,8.0778
,,1489,92.14089,7.85911
,,1490,92.35954,7.64046
,,1491,92.57738,7.42262
,,1492,92.79359,7.20641
,,1493,93.00733,6.99267
,,1494,93.21774,6.78226
,,1495,93.42393,6.57607
,,1496,93.625,6.375
,,1497,93.82003,6.17997
,,1498,94.0081,5.9919
,,1499,94.18829,5.81171
,,1500,94.35966,5.64034
,,1501,94.52131,5.47869
,,1502,94.67233,5.32767
,,1503,94.81186,5.18814
,,1504,94.93905,5.06095
,,1505,95.0531,4.9469
,,1506,95.15325,4.84675
,,1507,95.2388,4.7612
,,1508,95.30911,4.69089
,,1509,95.36361,4.63639
,,1510,95.40181,4.59819
,,1511,95.4233,4.5767
,,1512,95.42776,4.57224
,,1513,95.41497,4.58503
,,1514,95.3848,4.6152
,,1515,95.33724,4.66276
,,1516,95.27237,4.72763
,,1517,95.19037,4.80963
,,1518,95.09154,4.90846
,,1519,94.97627,5.02373
,,1520,94.84506,5.15494
,,1521,94.69851,5.30149
,,1522,94.5373,5.4627
,,1523,94.36221,5.63779
,,1524,94.17409,5.82591
,,1525,93.97385,6.02615
,,1526,93.7625,6.2375
,,1527,93.54107,6.45893
,,1528,93.31064,6.68936
,,1529,93.07234,6.92766
,,1530,92.82733,7.17267
,,1531,92.57677,7.42323
,,1532,92.32185,7.67815
,,1533,92.06373,7.93627
,,1534,91.8036,8.1964
,,1535,91.54262,8.45738
,,1536,91.28191,8.71809
,,1537,91.02259,8.97741
,,1538,90.76574,9.23426
,,1539,90.51238,9.48762
,,1540,90.26352,9.73648
,,1541,90.0201,9.9799
,,1542,89.78301,10.21699
,,1543,89.55311,10.44689
,,1544,89.33118,10.66882
,,1545,89.11796,10.88204
,,1546,88.91414,11.08586
,,1547,88.72033,11.27967
,,1548,88.5371,11.4629
,,1549,88.36497,11.63503
,,1550,88.2044,11.7956
,,1551,88.05579,11.94421
,,1552,87.91949,12.08051
,,1553,87.79579,12.20421
,,1554,87.68495,12.31505
,,1555,87.58717,12.41283
,,1556,87.5026,12.4974
,,1557,87.43134,12.56866
,,1558,87.37346,12.62654
,,1559,87.32897,12.67103
,,1560,87.29787,12.70213
,,1561,87.28007,12.71993
,,1562,87.2755,12.7245
,,1563,87.28401,12.71599
,,1564,87.30543,12.69457
,,1565,87.33956,12.66044
,,1566,87.38616,12.61384
,,1567,87.44497,12.55503
,,1568,87.51568,12.48432
,,1569,87.59798,12.40202
,,1570,87.6915,12.3085
,,1571,87.79586,12.20414
,,1572,87.91065,12.08935
,,1573,88.03544,11.96456
,,1574,88.16976,11.83024
,,1575,88.31313,11.68687
,,1576,88.46505,11.53495
,,1577,88.62497,11.37503
,,1578,88.79234,11.20766
,,1579,88.96658,11.03342
,,1580,89.1471,10.8529
,,1581,89.33328,10.66672
,,1582,89.52448,10.47552
,,1583,89.72003,10.27997
,,1584,89.91926,10.08074
,,1585,90.12147,9.87853
,,1586,90.32596,9.67404
,,1587,90.532,9.468
,,1588,90.73884,9.26116
,,1589,90.94572,9.05428
,,1590,91.1519,8.8481
,,1591,91.35658,8.64342
,,1592,91.55898,8.44102
,,1593,91.75833,8.24167
,,1594,91.95383,8.04617
,,1595,92.14468,7.85532
,,1596,92.3301,7.6699
,,1597,92.50931,7.49069
,,1598,92.68153,7.31847
,,1599,92.846,7.154
,,1600,93.00198,6.99802
,,1601,93.14874,6.85126
,,1602,93.28558,6.71442
,,1603,93.41183,6.58817
,,1604,93.52685,6.47315
,,1605,93.63002,6.36998
,,1606,93.7208,6.2792
,,1607,93.79865,6.20135
,,1608,93.8631,6.1369
,,1609,93.91374,6.08626
,,1610,93.9502,6.0498
,,1611,93.97217,6.02783
,,1612,93.97941,6.02059
,,1613,93.97173,6.02827
,,1614,93.94901,6.05099
,,1615,93.9112,6.0888
,,1616,93.85831,6.14169
,,1617,93.79043,6.20957
,,1618,93.7077,6.2923
,,1619,93.61032,6.38968
,,1620,93.49858,6.50142
,,1621,93.37281,6.62719
,,1622,93.23341,6.76659
,,1623,93.08081,6.91919
,,1624,92.91553,7.08447
,,1625,92.73811,7.26189
,,1626,92.54915,7.45085
,,1627,92.34927,7.65073
,,1628,92.13914,7.86086
,,1629,91.91945,8.08055
,,1630,91.69091,8.30909
,,1631,91.45427,8.54573
,,1632,91.21028,8.78972
,,1633,90.95968,9.04032
,,1634,90.70324,9.29676
,,1635,90.44173,9.55827
,,1636,90.17589,9.82411
,,1637,89.90648,10.09352
,,1638,89.63423,10.36577
,,1639,89.35985,10.64015
,,1640,89.08404,10.91596
,,1641,88.80747,11.19253
,,1642,88.5308,11.4692
,,1643,88.25464,11.74536
,,1644,87.97959,12.02041
,,1645,87.7062,12.2938
,,1646,87.43501,12.56499
,,1647,87.16652,12.83348
,,1648,86.90117,13.09883
,,1649,86.6394,13.3606
,,1650,86.38161,13.61839
,,1651,86.12814,13.87186
,,1652,85.87933,14.12067
,,1653,85.63546,14.36454
,,1654,85.39678,14.60322
,,1655,85.16351,14.83649
,,1656,84.93586,15.06414
,,1657,84.71397,15.28603
,,1658,84.49796,15.50204
,,1659,84.28795,15.71205
,,1660,84.08399,15.91601
,,1661,83.88613,16.11387
,,1662,83.69439,16.30561
,,1663,83.50874,16.49126
,,1664,83.32917,16.67083
,,1665,83.1556,16.8444
,,1666,82.98796,17.01204
,,1667,82.82615,17.17385
,,1668,82.67006,17.32994
,,1669,82.51954,17.48046
,,1670,82.37444,17.62556
,,1671,82.23459,17.76541
,,1672,82.09982,17.90018
,,1673,81.96991,18.03009
,,1674,81.84467,18.15533
,,1675,81.72388,18.27612
,,1676,81.6073,18.3927
,,1677,81.49469,18.50531
,,1678,81.38582,18.61418
,,1679,81.28043,18.71957
,,1680,81.17827,18.82173
,,1681,81.07907,18.92093
,,1682,80.98258,19.01742
,,1683,80.88852,19.11148
,,1684,80.79665,19.20335
,,1685,80.70669,19.29331
,,1686,80.61837,19.38163
,,1687,80.53146,19.46854
,,1688,80.44568,19.55432
,,1689,80.36079,19.63921
,,1690,80.27654,19.72346
,,1691,80.19271,19.80729
,,1692,80.10906,19.89094
,,1693,80.02538,19.97462
,,1694,79.94145,20.05855
,,1695,79.85707,20.14293
,,1696,79.77207,20.22793
,,1697,79.68627,20.31373
,,1698,79.59952,20.40048
,,1699,79.51165,20.48835
,,1700,79.42255,20.57745
,,1701,79.3321,20.6679
,,1702,79.2402,20.7598
,,1703,79.14676,20.85324
,,1704,79.05173,20.94827
,,1705,78.95504,21.04496
,,1706,78.85667,21.14333
,,1707,78.75661,21.24339
,,1708,78.65485,21.34515
,,1709,78.55141,21.44859
,,1710,78.44633,21.55367
,,1711,78.33966,21.66034
,,1712,78.23148,21.76852
,,1713,78.12187,21.87813
,,1714,78.01092,21.98908
,,1715,77.89876,22.10124
,,1716,77.78552,22.21448
,,1717,77.67135,22.32865
,,1718,77.5564,22.4436
,,1719,77.44084,22.55916
,,1720,77.32486,22.67514
,,1721,77.20865,22.79135
,,1722,77.09242,22.90758
,,1723,76.97637,23.02363
,,1724,76.86074,23.13926
,,1725,76.74575,23.25425
,,1726,76.63163,23.36837
,,1727,76.51863,23.48137
,,1728,76.40699,23.59301
,,1729,76.29696,23.70304
,,1730,76.18878,23.81122
,,1731,76.08272,23.91728
,,1732,75.97903,24.02097
,,1733,75.87795,24.12205
,,1734,75.77975,24.22025
,,1735,75.68467,24.31533
,,1736,75.59296,24.40704
,,1737,75.50488,24.49512
,,1738,75.42065,24.57935
,,1739,75.34052,24.65948
,,1740,75.26472,24.73528
,,1741,75.19348,24.80652
,,1742,75.12702,24.87298
,,1743,75.06555,24.93445
,,1744,75.00928,24.99072
,,1745,74.95842,25.04158
,,1746,74.91316,25.08684
,,1747,74.87368,25.12632
,,1748,74.84017,25.15983
,,1749,74.81278,25.18722
,,1750,74.79169,25.20831
,,1751,74.77704,25.22296
,,1752,74.76898,25.23102
,,1753,74.76764,25.23236
,,1754,74.77315,25.22685
,,1755,74.78562,25.21438
,,1756,74.80516,25.19484
,,1757,74.83188,25.16812
,,1758,74.86585,25.13415
,,1759,74.90717,25.09283
,,1760,74.95589,25.04411
,,1761,75.01208,24.98792
,,1762,75.07579,24.92421
,,1763,75.14707,24.85293
,,1764,75.22594,24.77406
,,1765,75.31243,24.68757
,,1766,75.40656,24.59344
,,1767,75.50833,24.49167
,,1768,75.61773,24.38227
,,1769,75.73475,24.26525
,,1770,75.85937,24.14063
,,1771,75.99155,24.00845
,,1772,76.13125,23.86875
,,1773,76.27842,23.72158
,,1774,76.433,23.567
,,1775,76.59491,23.40509
,,1776,76.76407,23.23593
,,1777,76.94039,23.05961
,,1778,77.12376,22.87624
,,1779,77.31407,22.68593
,,1780,77.5112,22.4888
,,1781,77.715,22.285
,,1782,77.92533,22.07467
,,1783,78.14204,21.85796
,,1784,78.36493,21.63507
,,1785,78.59384,21.40616
,,1786,78.82856,21.17144
,,1787,79.06888,20.93112
,,1788,79.31456,20.68544
,,1789,79.56538,20.43462
,,1790,79.82106,20.17894
,,1791,80.08134,19.91866
,,1792,80.34593,19.65407
,,1793,80.61451,19.38549
,,1794,80.88675,19.11325
,,1795,81.16232,18.83768
,,1796,81.44084,18.55916
,,1797,81.72193,18.27807
,,1798,82.00517,17.99483
,,1799,82.29014,17.70986
,,1800,82.57638,17.42362
,,1801,82.86341,17.13659
,,1802,83.15073,16.84927
,,1803,83.4378,16.5622
,,1804,83.72409,16.27591
,,1805,84.009,15.991
,,1806,84.29193,15.70807
,,1807,84.57226,15.42774
,,1808,84.84932,15.15068
,,1809,85.12242,14.87758
,,1810,85.39087,14.60913
,,1811,85.65393,14.34607
,,1812,85.91084,14.08916
,,1813,86.16083,13.83917
,,1814,86.40311,13.59689
,,1815,86.63685,13.36315
,,1816,86.86125,13.13875
,,1817,87.07544,12.92456
,,1818,87.2786,12.7214
,,1819,87.46987,12.53013
,,1820,87.64839,12.35161
,,1821,87.81333,12.18667
,,1822,87.96384,12.03616
,,1823,88.09911,11.90089
,,1824,88.21833,11.78167
,,1825,88.32073,11.67927
,,1826,88.40557,11.59443
,,1827,88.47214,11.52786
,,1828,88.51978,11.48022
,,1829,88.54787,11.45213
,,1830,88.55588,11.44412
,,1831,88.5433,11.4567
,,1832,88.5097,11.4903
,,1833,88.45474,11.54526
,,1834,88.37813,11.62187
,,1835,88.27968,11.72032
,,1836,88.15926,11.84074
,,1837,88.01685,11.98315
,,1838,87.85251,12.14749
,,1839,87.66636,12.33364
,,1840,87.45866,12.54134
,,1841,87.2297,12.7703
,,1842,86.9799,13.0201
,,1843,86.70973,13.29027
,,1844,86.41975,13.58025
,,1845,86.11061,13.88939
,,1846,85.783,14.217
,,1847,85.43769,14.56231
,,1848,85.07552,14.92448
,,1849,84.69736,15.30264
,,1850,84.30415,15.69585
,,1851,83.89684,16.10316
,,1852,83.47644,16.52356
,,1853,83.04398,16.95602
,,1854,82.60049,17.39951
,,1855,82.14704,17.85296
,,1856,81.68469,18.31531
,,1857,81.2145,18.7855
,,1858,80.73753,19.26247
,,1859,80.25483,19.74517
,,1860,79.76742,20.23258
,,1861,79.27632,20.72368
,,1862,78.7825,21.2175
,,1863,78.28694,21.71306
,,1864,77.79055,22.20945
,,1865,77.29422,22.70578
,,1866,76.79882,23.20118
,,1867,76.30516,23.69484
,,1868,75.81402,24.18598
,,1869,75.32614,24.67386
,,1870,74.84222,25.15778
,,1871,74.36292,25.63708
,,1872,73.88885,26.11115
,,1873,73.4206,26.5794
,,1874,72.95871,27.04129
,,1875,72.50366,27.49634
,,1876,72.05593,27.94407
,,1877,71.61595,28.38405
,,1878,71.18408,28.81592
,,1879,70.76071,29.23929
,,1880,70.34614,29.65386
,,1881,69.94066,30.05934
,,1882,69.54455,30.45545
,,1883,69.15803,30.84197
,,1884,68.7813,31.2187
,,1885,68.41455,31.58545
,,1886,68.05794,31.94206
,,1887,67.71161,32.28839
,,1888,67.37565,32.62435
,,1889,67.05018,32.94982
,,1890,66.73526,33.26474
,,1891,66.43096,33.56904
,,1892,66.13732,33.86268
,,1893,65.85437,34.14563
,,1894,65.58213,34.41787
,,1895,65.32059,34.67941
,,1896,65.06977,34.93023
,,1897,64.82963,35.17037
,,1898,64.60015,35.39985
,,1899,64.38129,35.61871
,,1900,64.17302,35.82698
,,1901,63.97528,36.02472
,,1902,63.78802,36.21198
,,1903,63.61117,36.38883
,,1904,63.44467,36.55533
,,1905,63.28844,36.71156
,,1906,63.14242,36.85758
,,1907,63.00651,36.99349
,,1908,62.88064,37.11936
,,1909,62.76472,37.23528
,,1910,62.65867,37.34133
,,1911,62.56238,37.43762
,,1912,62.47577,37.52423
,,1913,62.39875,37.60125
,,1914,62.33121,37.66879
,,1915,62.27306,37.72694
,,1916,62.22421,37.77579
,,1917,62.18454,37.81546
,,1918,62.15396,37.84604
,,1919,62.13236,37.86764
,,1920,62.11965,37.88035
,,1921,62.11571,37.88429
,,1922,62.12045,37.87955
,,1923,62.13376,37.86624
,,1924,62.15554,37.84446
,,1925,62.18567,37.81433
,,1926,62.22405,37.77595
,,1927,62.27058,37.72942
,,1928,62.32514,37.67486
,,1929,62.38763,37.61237
,,1930,62.45793,37.54207
,,1931,62.53594,37.46406
,,1932,62.62155,37.37845
,,1933,62.71464,37.28536
,,1934,62.8151,37.1849
,,1935,62.92282,37.07718
,,1936,63.03769,36.96231
,,1937,63.15959,36.84041
,,1938,63.2884,36.7116
,,1939,63.424,36.576
,,1940,63.56629,36.43371
,,1941,63.71513,36.28487
,,1942,63.87041,36.12959
,,1943,64.032,35.968
,,1944,64.19978,35.80022
,,1945,64.37363,35.62637
,,1946,64.55342,35.44658
,,1947,64.73901,35.26099
,,1948,64.93029,35.06971
,,1949,65.12712,34.87288
,,1950,65.32935,34.67065
,,1951,65.53687,34.46313
,,1952,65.74953,34.25047
,,1953,65.96719,34.03281
,,1954,66.18971,33.81029
,,1955,66.41695,33.58305
,,1956,66.64876,33.35124
,,1957,66.885,33.115
,,1958,67.12551,32.87449
,,1959,67.37014,32.62986
,,1960,67.61874,32.38126
,,1961,67.87116,32.12884
,,1962,68.12723,31.87277
,,1963,68.38679,31.61321
,,1964,68.64969,31.35031
,,1965,68.91575,31.08425
,,1966,69.18481,30.81519
,,1967,69.4567,30.5433
,,1968,69.73125,30.26875
,,1969,70.00829,29.99171
,,1970,70.28764,29.71236
,,1971,70.56912,29.43088
,,1972,70.85255,29.14745
,,1973,71.13776,28.86224
,,1974,71.42455,28.57545
,,1975,71.71276,28.28724
,,1976,72.00218,27.99782
,,1977,72.29264,27.70736
,,1978,72.58394,27.41606
,,1979,72.8759,27.1241
,,1980,73.16832,26.83168
,,1981,73.46102,26.53898
,,1982,73.7538,26.2462
,,1983,74.04646,25.95354
,,1984,74.33883,25.66117
,,1985,74.63069,25.36931
,,1986,74.92187,25.07813
,,1987,75.21217,24.78783
,,1988,75.5014,24.4986
,,1989,75.78937,24.21063
,,1990,76.07589,23.92411
,,1991,76.36077,23.63923
,,1992,76.64382,23.35618
,,1993,76.92488,23.07512
,,1994,77.20374,22.79626
,,1995,77.48025,22.51975
,,1996,77.75421,22.24579
,,1997,78.02547,21.97453
,,1998,78.29384,21.70616
,,1999,78.55918,21.44082
,,2000,78.82132,21.17868