,,Unpolarized Performance of 735 nm Longpass Dichroic Mirror,,
,,Wavelength (nm),% Transmission ,% Reflectance 
,,250,0.058651034,59.26822722
,,251,0.312127315,59.48467095
,,252,0.338376924,60.11263421
,,253,0.428755999,60.29121618
Product Raw Data,,254,0.09169155,60.40461674
"Longpass Dichroic Mirror, 735 nm Cut-On",,255,0.132025186,60.60338863
,,256,0.081425831,60.81704258
Item #,DMLP735B,257,0.161231689,61.39983474
"DISCLAIMER: The data presented here are typical. Slight variations in performance data will occur from lot to lot. Please contact Technical Support with any questions regarding the use or reliability of this data. This data may be used in publications. However, please cite Thorlabs as the source.",,258,0.11135399,60.89372795
,,259,0.350453481,60.98689774
,,260,0.230465926,61.06160318
,,261,0.031803026,61.01654287
,,262,0.025822406,60.70030943
,,263,0.057179702,60.26034336
,,264,0.175734125,60.20243124
,,265,0.346167518,59.32113232
,,266,0.103087776,58.76057136
Additional Information:,,267,0.203888185,57.55454684
Measurements were made at a 45° incident angle on the DMLP735B.,,268,0.381116567,56.12562517
,,269,0.446908191,53.63490488
,,270,0.264338713,51.03001486
,,271,0.264999229,48.36968505
,,272,0.245025523,44.6256606
,,273,0.709011823,40.4207591
,,274,0.230884843,37.09164399
,,275,0.040666453,34.34887548
,,276,0.350323238,33.20304958
,,277,0.128359214,34.41916459
,,278,0.152180947,36.65163846
,,279,0.048703992,40.9695394
,,280,0.300811604,46.85343457
,,281,0.103048209,52.37480602
,,282,0.475628205,57.44378733
,,283,0.63205117,60.43330239
,,284,0.268055722,62.57796446
,,285,0.581025034,63.37921028
,,286,0.256034471,62.84741889
,,287,0.169351462,61.25015638
,,288,0.070108715,57.88238746
,,289,0.289624259,53.26308384
,,290,0.171496049,47.63663666
,,291,0.199806429,40.84763369
,,292,0.150764978,35.60548107
,,293,0.316688526,33.46456957
,,294,0.238203373,34.43344689
,,295,0.173180409,39.39368892
,,296,0.247288503,45.88058061
,,297,0.256951369,51.99354268
,,298,0.216023013,57.73895548
,,299,0.119376425,63.66906653
,,300,0.239539281,69.82752886
,,301,0.084483407,77.2256731
,,302,0.149037873,83.99376022
,,303,0.067184648,88.67148755
,,304,0.269505925,92.65882684
,,305,0.42602253,94.56923517
,,306,0.374801859,95.98280627
,,307,0.482812718,96.31472009
,,308,0.415862285,96.35303814
,,309,0.572396427,95.73218679
,,310,1.001751453,95.36246936
,,311,0.595551923,94.16601829
,,312,0.402854443,93.98366121
,,313,0.071611151,93.88469744
,,314,0.267991513,93.61028237
,,315,0.376103438,93.73058048
,,316,0.145444229,92.24005264
,,317,0.298364952,90.33702723
,,318,0.161684997,87.68476757
,,319,0.563978866,84.53470369
,,320,0.140401878,83.29974817
,,321,0.2852799,83.63079394
,,322,0.471915431,85.27319161
,,323,0.190226812,87.45270296
,,324,0.752263099,90.00508438
,,325,0.864851907,92.03208622
,,326,0.317636039,92.85701169
,,327,0.384752244,93.09547938
,,328,0.309539914,92.30320345
,,329,0.462773457,91.90824651
,,330,0.198681697,91.49372047
,,331,0.324295953,91.52359237
,,332,0.095007546,91.63256312
,,333,0.136112489,92.1274674
,,334,0.221525609,93.16803568
,,335,0.21094374,93.49274313
,,336,0.197514474,94.85638577
,,337,0.023209022,95.4870328
,,338,0.192770589,96.2128787
,,339,0.456055209,96.51906989
,,340,0.051827963,96.92747125
,,341,0.353098437,97.43014602
,,342,0.170335956,97.57533177
,,343,0.141146461,98.05411289
,,344,0.30311273,98.44031045
,,345,0.136883575,98.56318068
,,346,0.102754612,98.83822153
,,347,0.120077219,99.30589863
,,348,0.299292989,99.46855956
,,349,0.187248405,99.64039007
,,350,0.119053585,99.5372872
,,351,0.066555858,99.54451893
,,352,0.138848586,99.4419979
,,353,0.103489414,99.70404608
,,354,0.1370547,99.79061357
,,355,0.043985164,99.61420859
,,356,0.217303578,99.63115005
,,357,0.117858328,99.61193103
,,358,0.103366888,99.71081133
,,359,0.082950398,99.71312445
,,360,0.153458061,99.73089611
,,361,0.140069807,99.58698484
,,362,0.163702372,99.47012175
,,363,0.081019338,99.53015932
,,364,0.043265735,99.517786
,,365,0.261975639,99.5874853
,,366,0.194921955,99.4962822
,,367,0.110619966,99.39002326
,,368,0.192151338,99.67372983
,,369,0.090061191,99.45464293
,,370,0.06390593,99.5227211
,,371,0.038466933,99.58420675
,,372,0.061177575,99.47149315
,,373,0.005515526,99.4549683
,,374,0.132327834,99.411815
,,375,0.158274159,99.33361145
,,376,0.250161506,99.19378887
,,377,0.228008166,99.05384228
,,378,0.270448027,99.12397675
,,379,0.205080232,99.21883471
,,380,0.214732055,99.09473388
,,381,0.176967163,99.26346425
,,382,0.105753984,99.27590936
,,383,0.113283291,99.37279965
,,384,0.054848844,99.47670904
,,385,0.03119697,99.5074926
,,386,0.006334722,99.53518731
,,387,0.04497057,99.5640862
,,388,0.064111353,99.529125
,,389,0.045198343,99.53715232
,,390,0.041933591,99.49376907
,,391,0.079077195,99.43458262
,,392,0.10419787,99.4445119
,,393,0.167130495,99.38263967
,,394,0.224160813,99.35572255
,,395,0.202997394,99.3375909
,,396,0.172858035,99.35057954
,,397,0.134907181,99.31064205
,,398,0.148230076,99.27845368
,,399,0.145032528,99.35715734
,,400,0.149495106,99.41128086
,,401,0.143543892,99.39948218
,,402,0.155657683,99.47290903
,,403,0.135000121,99.44845759
,,404,0.13393502,99.49573724
,,405,0.144570563,99.49643525
,,406,0.146575015,99.51923711
,,407,0.178656753,99.43909139
,,408,0.225246396,99.4118523
,,409,0.205010176,99.36451454
,,410,0.221349002,99.25168979
,,411,0.23533917,99.24998136
,,412,0.253271475,99.2753526
,,413,0.236592804,99.29539585
,,414,0.267436035,99.33650065
,,415,0.265278574,99.39393674
,,416,0.303187404,99.40165569
,,417,0.335559532,99.3849084
,,418,0.390595775,99.33841845
,,419,0.392514887,99.25290409
,,420,0.420129191,99.16617151
,,421,0.395368692,99.02992198
,,422,0.373384547,99.05337033
,,423,0.333788888,99.05888815
,,424,0.332106752,99.14766888
,,425,0.275206123,99.23445817
,,426,0.286517583,99.30429225
,,427,0.329564143,99.29079315
,,428,0.34264018,99.29230053
,,429,0.399979766,99.2475529
,,430,0.398534252,99.22258826
,,431,0.4128044,99.18996256
,,432,0.387082063,99.2316121
,,433,0.360234421,99.28002338
,,434,0.310390051,99.33037988
,,435,0.272157487,99.40272438
,,436,0.201636072,99.45018293
,,437,0.145131207,99.46591695
,,438,0.139099658,99.44155132
,,439,0.131597199,99.40589697
,,440,0.143863224,99.37667221
,,441,0.191646749,99.35634667
,,442,0.21880002,99.33915022
,,443,0.256140945,99.34917255
,,444,0.26276636,99.37682826
,,445,0.262799265,99.41616009
,,446,0.228254128,99.48996325
,,447,0.175077387,99.53680855
,,448,0.115227558,99.59636616
,,449,0.083304558,99.62118213
,,450,0.055213992,99.64711165
,,451,0.031098678,99.6720944
,,452,0.029835769,99.64840696
,,453,0.020029943,99.62558947
,,454,0.026206448,99.61655998
,,455,0.03402524,99.62888115
,,456,0.045798829,99.60236839
,,457,0.02841745,99.6052645
,,458,0.054489151,99.56686951
,,459,0.087622567,99.51372848
,,460,0.132097865,99.46623407
,,461,0.208773589,99.41244598
,,462,0.277471509,99.33059432
,,463,0.326161751,99.28121928
,,464,0.372336241,99.25094731
,,465,0.417564741,99.21429161
,,466,0.449334763,99.17833082
,,467,0.476099435,99.20299504
,,468,0.487620958,99.20330559
,,469,0.477286807,99.22976143
,,470,0.478262875,99.22595906
,,471,0.469135312,99.229857
,,472,0.465871183,99.19477556
,,473,0.450317871,99.15547118
,,474,0.439473522,99.15307297
,,475,0.409673857,99.16642744
,,476,0.398509579,99.14656054
,,477,0.373034732,99.19883925
,,478,0.356594894,99.24189082
,,479,0.325639213,99.30335425
,,480,0.305775248,99.3568788
,,481,0.263726711,99.41178004
,,482,0.233394933,99.44037307
,,483,0.196293797,99.48535953
,,484,0.158269464,99.52297345
,,485,0.15035127,99.54249183
,,486,0.124753794,99.54402866
,,487,0.10944556,99.55245596
,,488,0.115890557,99.53534065
,,489,0.121110519,99.51567922
,,490,0.137546853,99.51125179
,,491,0.155923328,99.50926168
,,492,0.151496779,99.49468586
,,493,0.149782401,99.51002879
,,494,0.156557864,99.50632137
,,495,0.162177673,99.5172011
,,496,0.19115394,99.50137607
,,497,0.210935783,99.4701439
,,498,0.260927383,99.42572056
,,499,0.296944304,99.37476438
,,500,0.333765917,99.31363792
,,501,0.345540528,99.28017079
,,502,0.339827688,99.26781096
,,503,0.33682191,99.28243846
,,504,0.286554335,99.32879316
,,505,0.229414608,99.41188373
,,506,0.17604733,99.4772954
,,507,0.129783805,99.55716197
,,508,0.093493892,99.59627518
,,509,0.071862324,99.65022616
,,510,0.053702852,99.67040217
,,511,0.040344709,99.68854087
,,512,0.039633062,99.69253962
,,513,0.037704047,99.68713969
,,514,0.054213384,99.67851058
,,515,0.071967164,99.6523151
,,516,0.105383476,99.60284967
,,517,0.118484856,99.59022761
,,518,0.136459749,99.54862509
,,519,0.147512983,99.53597341
,,520,0.148238123,99.48802499
,,521,0.152537372,99.46609951
,,522,0.155512722,99.46335099
,,523,0.149829301,99.43734454
,,524,0.145776853,99.43442657
,,525,0.16124436,99.42174588
,,526,0.181559261,99.40314236
,,527,0.22625463,99.36617562
,,528,0.299809869,99.30935352
,,529,0.365117226,99.2576074
,,530,0.433462461,99.22591519
,,531,0.487256217,99.20481501
,,532,0.492669705,99.20161472
,,533,0.492248461,99.22378865
,,534,0.477861192,99.26310437
,,535,0.428342228,99.31276709
,,536,0.365821957,99.38748262
,,537,0.299565583,99.41975799
,,538,0.245269672,99.44829725
,,539,0.195984161,99.44952104
,,540,0.153840007,99.45254505
,,541,0.130973815,99.4657214
,,542,0.100353099,99.49258657
,,543,0.071457763,99.50435822
,,544,0.053101859,99.54659265
,,545,0.040994571,99.58293576
,,546,0.031840445,99.61111916
,,547,0.026671692,99.64886685
,,548,0.045518425,99.63447068
,,549,0.037716921,99.64801423
,,550,0.047670966,99.62913001
,,551,0.056069159,99.579497
,,552,0.085507467,99.53308699
,,553,0.123451049,99.46058747
,,554,0.161303856,99.39066171
,,555,0.186828617,99.3115601
,,556,0.207303666,99.25257989
,,557,0.210342956,99.20270898
,,558,0.20325989,99.17999335
,,559,0.1903308,99.20101851
,,560,0.157844712,99.21206457
,,561,0.132509016,99.23551917
,,562,0.103421948,99.27965297
,,563,0.078505629,99.3219396
,,564,0.052052371,99.35945994
,,565,0.035311809,99.37056649
,,566,0.017831012,99.37062758
,,567,0.013250276,99.35915313
,,568,0.005312905,99.34219145
,,569,0.00938594,99.32937076
,,570,0.009906858,99.31952387
,,571,0.007385109,99.33596533
,,572,0.003274122,99.3476218
,,573,0.006912787,99.39024841
,,574,0.003908884,99.44696936
,,575,0.008139706,99.49139378
,,576,0.003982584,99.54079931
,,577,0.001572878,99.58962749
,,578,0.004476863,99.6123205
,,579,0.002336059,99.65836186
,,580,0.005516994,99.66374142
,,581,0.00250653,99.67305408
,,582,0.006162905,99.68888285
,,583,0.004087622,99.66942348
,,584,0.002450402,99.67282615
,,585,0.000673218,99.66010454
,,586,0.003833263,99.65260721
,,587,0.001490867,99.6350729
,,588,0.001742851,99.62011057
,,589,0.003980535,99.60834851
,,590,0.011444108,99.59284119
,,591,0.003989371,99.59479795
,,592,0.00561377,99.58470151
,,593,0.006343561,99.57153868
,,594,0.002552169,99.56327887
,,595,0.003706017,99.55540539
,,596,0.004928964,99.55348226
,,597,0.010109697,99.5605804
,,598,0.007436742,99.5528058
,,599,0.004277313,99.55834917
,,600,0.009734469,99.54427652
,,601,0.002105568,99.54956758
,,602,0.001547315,99.5362029
,,603,0.002612402,99.52633298
,,604,0.005617327,99.53728952
,,605,0.001867028,99.52006772
,,606,0.000283229,99.52104008
,,607,0.00116183,99.53165427
,,608,0.009573232,99.55147832
,,609,0.00236419,99.56623619
,,610,0.005376751,99.5647192
,,611,0.001750023,99.55753988
,,612,0.008031939,99.54361264
,,613,0.006046555,99.50741262
,,614,0.003756369,99.51045581
,,615,0.001461725,99.48518893
,,616,0.004401236,99.47012165
,,617,0.002231221,99.47767388
,,618,0.012721263,99.49297709
,,619,0.012044724,99.5058256
,,620,0.004778477,99.54488053
,,621,0.004065157,99.54749991
,,622,0.00539118,99.56204092
,,623,0.003915584,99.55682492
,,624,0.005334969,99.53811833
,,625,0.004737253,99.52226119
,,626,0.012374813,99.50628225
,,627,0.001145776,99.50899443
,,628,0.000714996,99.51727853
,,629,0.002199909,99.51751287
,,630,0.001933276,99.54842352
,,631,0.005789328,99.55861047
,,632,0.004933098,99.57336266
,,633,0.006207019,99.60025669
,,634,0.000512373,99.59754857
,,635,0.006184517,99.59017898
,,636,0.002857396,99.56399489
,,637,0.007599382,99.56405101
,,638,0.003310633,99.53034065
,,639,0.00620846,99.52575996
,,640,0.004249776,99.52495353
,,641,0.004133879,99.52227018
,,642,0.000841108,99.52559431
,,643,0.012867202,99.56777944
,,644,0.002437075,99.58549344
,,645,0.006916108,99.59163355
,,646,0.00182318,99.58617993
,,647,0.000771381,99.56809842
,,648,0.003531771,99.53461918
,,649,0.000347688,99.50964746
,,650,0.001240033,99.5016629
,,651,0.00131722,99.4828888
,,652,0.006248916,99.49371805
,,653,0.00246501,99.50916195
,,654,0.001103453,99.50316587
,,655,0.006168827,99.49125062
,,656,0.00346635,99.50890378
,,657,0.004270898,99.51777295
,,658,0.005312863,99.52308787
,,659,0.00508779,99.54019234
,,660,0.008824424,99.54458862
,,661,0.017327332,99.54565562
,,662,0.018159532,99.54610856
,,663,0.021101763,99.5581273
,,664,0.021550234,99.56579392
,,665,0.025806005,99.59650545
,,666,0.015901607,99.62370571
,,667,0.018584481,99.62951233
,,668,0.018685717,99.6221848
,,669,0.019423703,99.63857711
,,670,0.031516177,99.62158041
,,671,0.026695861,99.61161452
,,672,0.028068437,99.62990042
,,673,0.035135305,99.62521071
,,674,0.061617238,99.60706354
,,675,0.110447811,99.55651288
,,676,0.180561362,99.48568688
,,677,0.282143277,99.39076196
,,678,0.38317667,99.29197869
,,679,0.474552815,99.22024752
,,680,0.541295198,99.17488386
,,681,0.591579148,99.13963554
,,682,0.642069501,99.09310316
,,683,0.690172706,99.03670283
,,684,0.773438055,98.96341118
,,685,0.845808574,98.82994515
,,686,0.927281405,98.74310652
,,687,0.984635676,98.66388102
,,688,0.995928132,98.65536442
,,689,0.975983773,98.68987217
,,690,0.928475532,98.73413771
,,691,0.880283362,98.81886865
,,692,0.831310569,98.86980298
,,693,0.786926778,98.92856838
,,694,0.774606423,98.98912972
,,695,0.719301687,99.03172095
,,696,0.683536117,99.10853581
,,697,0.638407903,99.16593349
,,698,0.575462521,99.25422186
,,699,0.512143004,99.33555251
,,700,0.429886538,99.42994714
,,701,0.352448348,99.50273581
,,702,0.293827426,99.56092287
,,703,0.251877434,99.622035
,,704,0.22406026,99.62496122
,,705,0.221839835,99.64403801
,,706,0.22870868,99.62449527
,,707,0.253340895,99.60348
,,708,0.278774869,99.58784367
,,709,0.324704746,99.53623965
,,710,0.385780855,99.45568761
,,711,0.495834157,99.38504953
,,712,0.629898601,99.23045081
,,713,0.856717217,99.00190464
,,714,1.218163306,98.62799986
,,715,1.780966569,98.0688007
,,716,2.623683792,97.20624536
,,717,3.830966966,95.97623317
,,718,5.47544098,94.34218341
,,719,7.510330407,92.28420993
,,720,10.90579415,88.90574109
,,721,13.56444633,86.22777711
,,722,16.20829113,83.57837739
,,723,19.03155011,80.76145727
,,724,21.93240101,77.84548916
,,725,24.71966124,75.04471234
,,726,27.6626423,72.08141392
,,727,30.65199175,69.06278333
,,728,33.38333498,66.33416469
,,729,36.01840166,63.667373
,,730,38.52372844,61.21488662
,,731,40.62156396,59.12367153
,,732,42.45210089,57.2904134
,,733,43.99743517,55.74117493
,,734,45.27666599,54.47018353
,,735,46.45728213,53.28263069
,,736,47.83764589,51.92025678
,,737,49.58193397,50.19125423
,,738,51.83437061,47.94964869
,,739,54.98277331,44.8481448
,,740,58.72752476,41.13399067
,,741,62.69385147,37.14644846
,,742,67.12987709,32.73567618
,,743,71.61497116,28.23451255
,,744,75.85629654,24.00371451
,,745,80.20433807,19.66371723
,,746,84.32421112,15.51290121
,,747,87.70923996,12.07433357
,,748,90.64529801,9.128505585
,,749,92.88235856,6.885014979
,,750,94.31610108,5.42553848
,,751,95.26267243,4.493040429
,,752,95.83407975,3.930577218
,,753,96.16203308,3.586622961
,,754,96.44438553,3.345339299
,,755,96.62908554,3.121951937
,,756,96.78698349,2.977507197
,,757,96.88382721,2.887782635
,,758,96.95479584,2.824367641
,,759,96.99903107,2.783706026
,,760,97.02223587,2.759699661
,,761,97.04890824,2.724436515
,,762,97.05687332,2.716086076
,,763,97.0430603,2.728313668
,,764,97.00510407,2.762753948
,,765,96.94221115,2.834328276
,,766,96.88145829,2.894519046
,,767,96.81330109,2.976573408
,,768,96.72769165,3.044964841
,,769,96.66718293,3.09864779
,,770,96.62537766,3.149123213
,,771,96.59949875,3.167916479
,,772,96.58597947,3.184476015
,,773,96.59981918,3.178084527
,,774,96.62227249,3.166225321
,,775,96.68140412,3.134740203
,,776,96.72415924,3.069454561
,,777,96.78922653,3.013929962
,,778,96.83020783,2.953828775
,,779,96.88056183,2.916955324
,,780,96.90364838,2.903203735
,,781,96.91013718,2.878085181
,,782,96.89439011,2.879283167
,,783,96.87738419,2.905256659
,,784,96.83672715,2.946069713
,,785,96.80414963,2.978296594
,,786,96.78508377,3.006765272
,,787,96.76249695,3.049137936
,,788,96.74105454,3.051874604
,,789,96.75110245,3.042130325
,,790,96.78578568,3.023181431
,,791,96.78644181,2.997546856
,,792,96.82072068,2.986442155
,,793,96.82750702,2.966488048
,,794,96.82441712,2.972190369
,,795,96.80559158,2.977150996
,,796,96.79861069,3.004953485
,,797,96.76413346,3.019569815
,,798,96.75482559,3.041504001
,,799,96.74756241,3.063806866
,,800,96.73097992,3.036458633
,,801,96.77011872,3.039955407
,,802,96.79578782,3.003994574
,,803,96.83570862,2.966757816
,,804,96.88093567,2.935874139
,,805,96.91107941,2.886477092
,,806,96.91871262,2.853352307
,,807,96.93841934,2.853033261
,,808,96.91637039,2.868548826
,,809,96.90957642,2.886917167
,,810,96.88433075,2.89869051
,,811,96.85894013,2.918286355
,,812,96.86209488,2.943297189
,,813,96.85294724,2.951839874
,,814,96.8719101,2.92127236
,,815,96.92162705,2.899261399
,,816,96.96601105,2.82603848
,,817,97.03300476,2.763728857
,,818,97.09671021,2.713388327
,,819,97.16756821,2.644418598
,,820,97.20015335,2.606537675
,,821,97.22324371,2.578805324
,,822,97.22351075,2.556739029
,,823,97.22072602,2.578005526
,,824,97.18382263,2.606088026
,,825,97.14794159,2.643919763
,,826,97.11169815,2.689274423
,,827,97.05979538,2.735131137
,,828,97.04415512,2.747869974
,,829,97.04020691,2.767082265
,,830,97.04912186,2.760338278
,,831,97.06078339,2.743945627
,,832,97.09387589,2.719590994
,,833,97.11878586,2.685952172
,,834,97.1424675,2.659726245
,,835,97.16508866,2.6543967
,,836,97.15646363,2.650021202
,,837,97.13852692,2.6729042
,,838,97.09469986,2.711820656
,,839,97.03332901,2.777552436
,,840,96.94545365,2.85348758
,,841,96.86976242,2.932653337
,,842,96.78373718,3.031673593
,,843,96.68279267,3.126132454
,,844,96.60372162,3.201027169
,,845,96.54299927,3.266021265
,,846,96.48526001,3.311843134
,,847,96.460495,3.344057551
,,848,96.46144104,3.355357587
,,849,96.45920182,3.342847725
,,850,96.48943711,3.32442754
,,851,96.53839493,3.281848406
,,852,96.58802795,3.227506011
,,853,96.64820099,3.164010707
,,854,96.71599961,3.100004946
,,855,96.78868866,3.029332808
,,856,96.86334992,2.955604346
,,857,96.93929291,2.880048501
,,858,97.01076508,2.810718912
,,859,97.07519532,2.747324909
,,860,97.12417603,2.690070759
,,861,97.18151474,2.651770339
,,862,97.20656586,2.617847526
,,863,97.21602631,2.600822929
,,864,97.21918869,2.607760015
,,865,97.19610978,2.6218109
,,866,97.15343857,2.653617252
,,867,97.10379028,2.70293605
,,868,97.04399109,2.764708996
,,869,96.96553803,2.831183353
,,870,96.88061905,2.906512709
,,871,96.82120896,2.982740757
,,872,96.75439835,3.050588435
,,873,96.69124222,3.115568971
,,874,96.64143372,3.166720291
,,875,96.60214233,3.209831765
,,876,96.5742302,3.233788353
,,877,96.55609512,3.256405528
,,878,96.5511322,3.267331243
,,879,96.55255127,3.271389944
,,880,96.54626465,3.273143262
,,881,96.54837037,3.270707577
,,882,96.54006958,3.270401277
,,883,96.53820801,3.273781007
,,884,96.53549195,3.282911594
,,885,96.52649689,3.295293433
,,886,96.50902939,3.312046043
,,887,96.48991013,3.330380844
,,888,96.46595383,3.344913601
,,889,96.45514298,3.361156882
,,890,96.4478798,3.372842099
,,891,96.44296646,3.378267529
,,892,96.4538269,3.37675981
,,893,96.45305634,3.366923428
,,894,96.46853256,3.354804932
,,895,96.48788071,3.340784104
,,896,96.50427246,3.321924726
,,897,96.52297211,3.304520577
,,898,96.54013062,3.290863301
,,899,96.54593277,3.279624308
,,900,96.55125046,3.274694938
,,901,96.54689026,3.277793739
,,902,96.53551102,3.287370178
,,903,96.52596283,3.301928205
,,904,96.49353409,3.317148857
,,905,96.48648834,3.33404248
,,906,96.46424485,3.350837094
,,907,96.45750809,3.363002188
,,908,96.45063782,3.36794266
,,909,96.45108414,3.364287842
,,910,96.46628952,3.354169686
,,911,96.48876191,3.333875292
,,912,96.52090836,3.304786338
,,913,96.5562973,3.270054265
,,914,96.597229,3.228797754
,,915,96.6416626,3.181031647
,,916,96.68857193,3.136591297
,,917,96.73226547,3.09306306
,,918,96.77235794,3.052272154
,,919,96.80899811,3.015366162
,,920,96.83728409,2.987254574
,,921,96.86112976,2.961227573
,,922,96.8826561,2.940698079
,,923,96.89863205,2.926116322
,,924,96.90344238,2.914885797
,,925,96.91098786,2.905741471
,,926,96.91556168,2.900206998
,,927,96.91910935,2.894709961
,,928,96.92630005,2.890177222
,,929,96.93593979,2.888115811
,,930,96.93266678,2.887638346
,,931,96.92552567,2.889992982
,,932,96.91585922,2.896330839
,,933,96.89972687,2.908899501
,,934,96.87501526,2.930482244
,,935,96.83815766,2.95986697
,,936,96.79254532,2.997219434
,,937,96.72499085,3.044854476
,,938,96.65444565,3.099349253
,,939,96.58851242,3.158310691
,,940,96.51618195,3.223555974
,,941,96.44388199,3.288141217
,,942,96.3799057,3.346079223
,,943,96.3240738,3.398646912
,,944,96.27945328,3.441494427
,,945,96.25360871,3.4663308
,,946,96.25194168,3.475008077
,,947,96.2758255,3.462143972
,,948,96.30914688,3.430481411
,,949,96.36911392,3.378998135
,,950,96.45181275,3.307451055
,,951,96.54171753,3.224586169
,,952,96.64935685,3.128109747
,,953,96.75798416,3.02385198
,,954,96.86411286,2.923036734
,,955,96.96137619,2.828515357
,,956,97.05389405,2.740812368
,,957,97.12878037,2.670081855
,,958,97.18281555,2.616862149
,,959,97.21516037,2.583303018
,,960,97.22397232,2.572727783
,,961,97.21212006,2.582429155
,,962,97.18143845,2.613531342
,,963,97.13731385,2.662899076
,,964,97.07640839,2.723121981
,,965,97.00276566,2.797317722
,,966,96.92550278,2.875940458
,,967,96.84603119,2.949525221
,,968,96.7852211,3.020674753
,,969,96.72343827,3.085005207
,,970,96.67980957,3.133122736
,,971,96.64268876,3.170006132
,,972,96.62937165,3.190851581
,,973,96.62992859,3.195634724
,,974,96.64345551,3.187315893
,,975,96.6714592,3.167845864
,,976,96.69253922,3.141181385
,,977,96.72956849,3.110160147
,,978,96.76621628,3.077044026
,,979,96.79672623,3.049017069
,,980,96.81187058,3.028073671
,,981,96.82349015,3.015679659
,,982,96.82606888,3.015503655
,,983,96.80933762,3.027231977
,,984,96.78506851,3.053523974
,,985,96.7453537,3.0922281
,,986,96.70137406,3.138244086
,,987,96.63788986,3.194916656
,,988,96.57378388,3.257806303
,,989,96.50950241,3.319845767
,,990,96.44467926,3.384923146
,,991,96.39019776,3.446035416
,,992,96.33753205,3.494988742
,,993,96.29364777,3.537933323
,,994,96.26890564,3.569191148
,,995,96.25473022,3.587421424
,,996,96.25138474,3.594109018
,,997,96.25281143,3.58868016
,,998,96.27218628,3.573618675
,,999,96.29297638,3.55017121
,,1000,96.3248024,3.519868614
,,1001,96.36112213,3.487269319
,,1002,96.39604568,3.453569563
,,1003,96.43333817,3.419522305
,,1004,96.45951462,3.390278557
,,1005,96.4801178,3.367602184
,,1006,96.49149323,3.350242636
,,1007,96.50195694,3.339750258
,,1008,96.50434494,3.336644132
,,1009,96.49852753,3.339821982
,,1010,96.4891777,3.348299504
,,1011,96.47654343,3.360213993
,,1012,96.46450424,3.37429907
,,1013,96.45057678,3.387742034
,,1014,96.44144058,3.398850447
,,1015,96.43319321,3.406588795
,,1016,96.42712784,3.407338427
,,1017,96.43966293,3.402234726
,,1018,96.44942093,3.38906631
,,1019,96.47387314,3.367323293
,,1020,96.49809647,3.338800796
,,1021,96.53730774,3.303326284
,,1022,96.57751084,3.259406376
,,1023,96.6240654,3.214239951
,,1024,96.67024231,3.16847836
,,1025,96.72289276,3.121472228
,,1026,96.76428223,3.077394387
,,1027,96.80034256,3.038562018
,,1028,96.83258057,3.00522117
,,1029,96.85027313,2.979846696
,,1030,96.86511612,2.965400967
,,1031,96.8700409,2.959967131
,,1032,96.86268235,2.965182535
,,1033,96.84354782,2.978737243
,,1034,96.82024384,3.003194883
,,1035,96.78482056,3.036180062
,,1036,96.74673462,3.072506516
,,1037,96.70764542,3.114507588
,,1038,96.65483475,3.159819936
,,1039,96.61231232,3.203154076
,,1040,96.56764221,3.247701732
,,1041,96.52228165,3.289022586
,,1042,96.48855973,3.323917906
,,1043,96.45765305,3.35287906
,,1044,96.43270111,3.375364739
,,1045,96.41734696,3.390149208
,,1046,96.41679382,3.397527575
,,1047,96.41549683,3.397870008
,,1048,96.41847229,3.391414116
,,1049,96.42518616,3.380766778
,,1050,96.0974083,3.32766272
,,1051,96.10630417,3.288622328
,,1052,96.15523911,3.307875393
,,1053,96.17904663,3.209169684
,,1054,96.18125535,3.2419995
,,1055,96.18289948,3.201655999
,,1056,96.24164581,3.186940654
,,1057,96.23360444,3.207065433
,,1058,96.2144928,3.170785894
,,1059,96.22727204,3.183246847
,,1060,96.22608948,3.192972454
,,1061,96.20320893,3.226800542
,,1062,96.21759033,3.215137795
,,1063,96.17989731,3.222671231
,,1064,96.19030381,3.264869272
,,1065,96.14204789,3.229075217
,,1066,96.15654373,3.232080622
,,1067,96.15087509,3.290513799
,,1068,96.13490295,3.273050443
,,1069,96.14113999,3.269164643
,,1070,96.12347412,3.302568218
,,1071,96.13590241,3.288806662
,,1072,96.16289902,3.294538588
,,1073,96.16669846,3.256552875
,,1074,96.16597367,3.209410558
,,1075,96.19106675,3.24146174
,,1076,96.20308304,3.209694871
,,1077,96.24811936,3.214168561
,,1078,96.24491883,3.186736641
,,1079,96.28603745,3.155382233
,,1080,96.28915787,3.148211043
,,1081,96.29850388,3.119268441
,,1082,96.30146027,3.114921618
,,1083,96.31492615,3.089033024
,,1084,96.30170441,3.10258385
,,1085,96.31952286,3.113263673
,,1086,96.31204224,3.130267842
,,1087,96.3192482,3.119999393
,,1088,96.30404282,3.129570745
,,1089,96.28651428,3.139948132
,,1090,96.25649262,3.154732223
,,1091,96.24325562,3.18504139
,,1092,96.21515274,3.218283466
,,1093,96.17796707,3.223097667
,,1094,96.1751976,3.231995777
,,1095,96.17362213,3.270469982
,,1096,96.16550828,3.290631826
,,1097,96.15488053,3.295286949
,,1098,96.12636567,3.278400265
,,1099,96.16668701,3.29934501
,,1100,96.16953278,3.29140431
,,1101,96.178154,3.303964633
,,1102,96.20866013,3.283957021
,,1103,96.18964386,3.282856114
,,1104,96.2271843,3.261839378
,,1105,96.22499848,3.272404916
,,1106,96.24411011,3.247355096
,,1107,96.26071167,3.215033347
,,1108,96.26327133,3.189371389
,,1109,96.2662468,3.175833093
,,1110,96.29131699,3.165358109
,,1111,96.28581238,3.159475812
,,1112,96.31048966,3.167276744
,,1113,96.29629898,3.173287417
,,1114,96.31158066,3.175918858
,,1115,96.2998581,3.156923905
,,1116,96.29968644,3.12781813
,,1117,96.26418305,3.154074016
,,1118,96.27220154,3.170815921
,,1119,96.26261902,3.202366389
,,1120,96.2594986,3.198345716
,,1121,96.22778321,3.228396874
,,1122,96.23247528,3.217895413
,,1123,96.18606568,3.267429231
,,1124,96.19215393,3.261931445
,,1125,96.17350388,3.284122649
,,1126,96.14902497,3.307217027
,,1127,96.14664841,3.299438928
,,1128,96.14569855,3.300168354
,,1129,96.12330627,3.341196867
,,1130,96.11669159,3.335289385
,,1131,96.11875534,3.358377758
,,1132,96.12018204,3.368306101
,,1133,96.11311722,3.354401732
,,1134,96.11231613,3.379868581
,,1135,96.11390305,3.356895325
,,1136,96.11200333,3.375460232
,,1137,96.12213898,3.363647436
,,1138,96.12003708,3.37725101
,,1139,96.12321472,3.386686607
,,1140,96.13103485,3.36604115
,,1141,96.12258911,3.380815299
,,1142,96.12402344,3.377936709
,,1143,96.14126969,3.370425154
,,1144,96.14247895,3.383317294
,,1145,96.13425827,3.382423568
,,1146,96.13516998,3.37758847
,,1147,96.13578415,3.355279405
,,1148,96.1489029,3.392701759
,,1149,96.14035797,3.396493511
,,1150,96.14130402,3.368889544
,,1151,96.14164353,3.380081139
,,1152,96.15067673,3.36750152
,,1153,96.14420319,3.365305524
,,1154,96.16474915,3.348210889
,,1155,96.18369675,3.33742787
,,1156,96.1890831,3.329389921
,,1157,96.19271851,3.317380607
,,1158,96.22199631,3.312337845
,,1159,96.23337936,3.289384418
,,1160,96.24443054,3.293447316
,,1161,96.2734642,3.257755332
,,1162,96.28478241,3.240107167
,,1163,96.29969025,3.23309994
,,1164,96.30747223,3.225633707
,,1165,96.32774353,3.209991868
,,1166,96.35664368,3.20636018
,,1167,96.35226822,3.175661721
,,1168,96.38567352,3.161315408
,,1169,96.38155365,3.170355435
,,1170,96.38253784,3.163833671
,,1171,96.4031334,3.149478644
,,1172,96.3886528,3.153799855
,,1173,96.42179871,3.145971854
,,1174,96.4225502,3.143402164
,,1175,96.40842438,3.153808214
,,1176,96.4053421,3.13854497
,,1177,96.39170456,3.15369436
,,1178,96.40862274,3.157267617
,,1179,96.39508439,3.167337045
,,1180,96.3828392,3.167804061
,,1181,96.38875198,3.160537401
,,1182,96.39290619,3.163593376
,,1183,96.38010407,3.181637774
,,1184,96.38283921,3.167336754
,,1185,96.38842011,3.183623696
,,1186,96.38893509,3.203228783
,,1187,96.36605454,3.182680397
,,1188,96.3937912,3.182169277
,,1189,96.38534165,3.172610258
,,1190,96.40395355,3.169051196
,,1191,96.38368607,3.176169695
,,1192,96.40718079,3.17504031
,,1193,96.40876007,3.14976966
,,1194,96.41428757,3.156213908
,,1195,96.4230423,3.169745157
,,1196,96.44627381,3.157338963
,,1197,96.43527985,3.139923021
,,1198,96.46418,3.145262886
,,1199,96.46873856,3.111223768
,,1200,96.46686554,3.129050081
,,1201,96.45922852,3.129329642
,,1202,96.45963288,3.125903656
,,1203,96.46900559,3.127813957
,,1204,96.45245743,3.135747567
,,1205,96.42280197,3.150476766
,,1206,96.42982865,3.151185734
,,1207,96.42438126,3.168725763
,,1208,96.39992142,3.192925991
,,1209,96.39663315,3.191994373
,,1210,96.35625077,3.207288169
,,1211,96.33996964,3.250954873
,,1212,96.32245636,3.260562198
,,1213,96.30296326,3.299018631
,,1214,96.26843643,3.309515653
,,1215,96.25622177,3.336282941
,,1216,96.2364769,3.356269769
,,1217,96.19669724,3.388293903
,,1218,96.18472672,3.407658855
,,1219,96.16018295,3.448928293
,,1220,96.13983918,3.448264118
,,1221,96.12142945,3.47430007
,,1222,96.09276581,3.491700768
,,1223,96.08201981,3.510191222
,,1224,96.0605774,3.515240782
,,1225,96.06185913,3.506476936
,,1226,96.05725861,3.539792697
,,1227,96.05158234,3.537726774
,,1228,96.04998398,3.543561845
,,1229,96.05308533,3.546880506
,,1230,96.04813767,3.530344502
,,1231,96.06213379,3.516543446
,,1232,96.0742836,3.512142247
,,1233,96.07644653,3.491993587
,,1234,96.09032059,3.467879017
,,1235,96.09194183,3.439522783
,,1236,96.10132599,3.426733463
,,1237,96.12312699,3.407967993
,,1238,96.13922119,3.379578958
,,1239,96.15351868,3.354434926
,,1240,96.16119003,3.323013588
,,1241,96.18692017,3.285251573
,,1242,96.18704224,3.247030878
,,1243,96.2215271,3.221502884
,,1244,96.24552155,3.213016918
,,1245,96.2625084,3.163856879
,,1246,96.30910492,3.146900788
,,1247,96.314785,3.12651541
,,1248,96.34711838,3.096598344
,,1249,96.36329651,3.086277089
,,1250,96.3891449,3.06514392
,,1251,96.41004563,3.046930292
,,1252,96.42864991,3.040268676
,,1253,96.44967651,3.029361853
,,1254,96.46313477,3.011764523
,,1255,96.4751091,3.012254928
,,1256,96.49975205,3.031777435
,,1257,96.50462342,3.012244943
,,1258,96.50759888,2.99934452
,,1259,96.52113724,3.022224677
,,1260,96.52448273,3.024078208
,,1261,96.51179886,3.051025918
,,1262,96.5050354,3.048591236
,,1263,96.51367951,3.03186102
,,1264,96.49024582,3.075224744
,,1265,96.49280167,3.073677394
,,1266,96.49600983,3.100663534
,,1267,96.48352051,3.10772448
,,1268,96.47375107,3.104707853
,,1269,96.46620941,3.124859794
,,1270,96.45902253,3.124418836
,,1271,96.46650314,3.112683194
,,1272,96.4560585,3.142868175
,,1273,96.47509003,3.139527697
,,1274,96.46339798,3.17152894
,,1275,96.46267319,3.153031071
,,1276,96.46755219,3.148777441
,,1277,96.47476578,3.154406911
,,1278,96.4759903,3.15077122
,,1279,96.48436737,3.162057844
,,1280,96.50337219,3.126751145
,,1281,96.5117569,3.122168707
,,1282,96.51795578,3.117776166
,,1283,96.541111,3.105880375
,,1284,96.54254913,3.082060846
,,1285,96.55031586,3.090608254
,,1286,96.56633759,3.063085182
,,1287,96.59869385,3.047458436
,,1288,96.59942627,3.033417428
,,1289,96.62806702,3.031001532
,,1290,96.61557389,3.018458248
,,1291,96.64434433,3.005850919
,,1292,96.65320206,3.004629252
,,1293,96.64371491,2.996934642
,,1294,96.65827179,2.999778914
,,1295,96.6719513,3.003511485
,,1296,96.66604233,2.983770407
,,1297,96.66368485,2.977021734
,,1298,96.64156342,2.976113242
,,1299,96.65210724,3.010550467
,,1300,96.64282227,3.013624472
,,1301,96.62963867,3.023758937
,,1302,96.61668015,3.026858544
,,1303,96.6034813,3.030658115
,,1304,96.5815239,3.060695776
,,1305,96.55031586,3.084004829
,,1306,96.53258896,3.097269265
,,1307,96.5219574,3.111407931
,,1308,96.48423386,3.155834175
,,1309,96.47751999,3.173343455
,,1310,96.44916535,3.180615005
,,1311,96.41310501,3.219244538
,,1312,96.39596177,3.228312245
,,1313,96.37091446,3.251023633
,,1314,96.36008835,3.266842342
,,1315,96.33638001,3.284492664
,,1316,96.31687165,3.317741106
,,1317,96.31140519,3.321994303
,,1318,96.29282761,3.334426653
,,1319,96.2887001,3.343634536
,,1320,96.28207016,3.351622984
,,1321,96.28240204,3.341182846
,,1322,96.27003861,3.348510235
,,1323,96.27291489,3.339114216
,,1324,96.27858734,3.341076052
,,1325,96.27874375,3.326726035
,,1326,96.28513336,3.318834998
,,1327,96.27983094,3.298157877
,,1328,96.29959107,3.277013222
,,1329,96.29796219,3.278049285
,,1330,96.33008194,3.255858902
,,1331,96.34160614,3.223684469
,,1332,96.3537407,3.199194171
,,1333,96.35358048,3.198640239
,,1334,96.37749863,3.163614701
,,1335,96.38644791,3.149616638
,,1336,96.39219284,3.133172863
,,1337,96.40983963,3.116268306
,,1338,96.4136467,3.089598063
,,1339,96.42468644,3.075127232
,,1340,96.4214058,3.062072918
,,1341,96.41519547,3.062218708
,,1342,96.40165711,3.04069424
,,1343,96.40106201,3.038303566
,,1344,96.4038353,3.022404979
,,1345,96.39664078,3.032740734
,,1346,96.37557984,3.034337654
,,1347,96.378479,3.027112977
,,1348,96.35079575,3.016852454
,,1349,96.33840943,3.051208329
,,1350,96.32654953,3.06110276
,,1351,96.30757904,3.039333727
,,1352,96.28380585,3.070879392
,,1353,96.27146912,3.071220071
,,1354,96.24403382,3.097965325
,,1355,96.21769715,3.080463003
,,1356,96.20631409,3.097453084
,,1357,96.18396759,3.123277065
,,1358,96.15918732,3.12939812
,,1359,96.1452179,3.130466082
,,1360,96.10294724,3.140022055
,,1361,96.09732819,3.164436219
,,1362,96.08685685,3.154044467
,,1363,96.06071091,3.151188755
,,1364,96.02861786,3.184091581
,,1365,95.97239686,3.150274014
,,1366,95.93136978,3.162541764
,,1367,95.87451554,3.12605661
,,1368,95.81786346,3.145625613
,,1369,95.71086121,3.120009912
,,1370,95.56823731,3.086669383
,,1371,95.400177,3.059535827
,,1372,95.18808746,3.04932113
,,1373,94.93415833,3.029816722
,,1374,94.63293458,2.998801062
,,1375,94.31436921,2.943714942
,,1376,93.9788704,2.915582467
,,1377,93.66804886,2.895138332
,,1378,93.34773636,2.883400712
,,1379,93.08248902,2.854552614
,,1380,92.87757111,2.813717734
,,1381,92.71444321,2.826852487
,,1382,92.57858277,2.773590579
,,1383,92.54701615,2.79081106
,,1384,92.53831482,2.768308683
,,1385,92.56699753,2.74973918
,,1386,92.66039658,2.757905483
,,1387,92.77234269,2.746671797
,,1388,92.90426254,2.756712296
,,1389,93.03281403,2.770960824
,,1390,93.18402481,2.768245334
,,1391,93.34259415,2.81236609
,,1392,93.50533676,2.796019532
,,1393,93.66006851,2.833676242
,,1394,93.80602646,2.84399839
,,1395,93.97813034,2.884560261
,,1396,94.1057396,2.888837155
,,1397,94.22741318,2.905856415
,,1398,94.3614502,2.951852114
,,1399,94.47680664,2.969644404
,,1400,94.57890702,2.990006589
,,1401,94.68156433,2.99940061
,,1402,94.78461838,3.034431249
,,1403,94.86855317,3.043530819
,,1404,94.94792557,3.078462104
,,1405,95.00750732,3.105867548
,,1406,95.10536194,3.113191969
,,1407,95.17277527,3.118561239
,,1408,95.24850846,3.161979801
,,1409,95.31517029,3.137845335
,,1410,95.37948609,3.169404424
,,1411,95.44171143,3.167578412
,,1412,95.50096894,3.169734145
,,1413,95.55736923,3.171020161
,,1414,95.60950852,3.147737136
,,1415,95.66574479,3.15230089
,,1416,95.7237854,3.135516759
,,1417,95.77555085,3.129425543
,,1418,95.83196259,3.101200189
,,1419,95.88565826,3.081894911
,,1420,95.94820023,3.058165198
,,1421,95.98907852,3.029132737
,,1422,96.0544281,3.023386698
,,1423,96.09230423,2.993109122
,,1424,96.155056,2.988407499
,,1425,96.20143128,2.945744977
,,1426,96.24991608,2.932125888
,,1427,96.28405381,2.917300418
,,1428,96.33709717,2.892123213
,,1429,96.35418701,2.866505158
,,1430,96.38796616,2.862268886
,,1431,96.43623734,2.841314329
,,1432,96.46045304,2.826129681
,,1433,96.47589875,2.816539291
,,1434,96.49655533,2.821909925
,,1435,96.50080872,2.814234179
,,1436,96.51722336,2.823752849
,,1437,96.53454972,2.81488154
,,1438,96.53773499,2.834304706
,,1439,96.53024674,2.835312575
,,1440,96.52572251,2.851603143
,,1441,96.52344513,2.869663291
,,1442,96.50886536,2.886612766
,,1443,96.49472809,2.93289656
,,1444,96.48868561,2.951126316
,,1445,96.47426224,2.968014778
,,1446,96.45220185,2.994637206
,,1447,96.4332161,3.020979336
,,1448,96.40952683,3.057931581
,,1449,96.38605118,3.087298611
,,1450,96.36911774,3.101481936
,,1451,96.3484993,3.142724176
,,1452,96.32835007,3.153001594
,,1453,96.30357743,3.1930943
,,1454,96.29887772,3.217251423
,,1455,96.2806778,3.253191699
,,1456,96.26665116,3.259724773
,,1457,96.26739883,3.272949703
,,1458,96.25827408,3.276616572
,,1459,96.25667191,3.274838304
,,1460,96.25803375,3.298159707
,,1461,96.26049042,3.292456693
,,1462,96.27530289,3.289001401
,,1463,96.2916832,3.286589069
,,1464,96.31032944,3.267302692
,,1465,96.33000184,3.243652571
,,1466,96.35526657,3.252545094
,,1467,96.35995484,3.243497412
,,1468,96.3793869,3.206308839
,,1469,96.3997612,3.185581148
,,1470,96.43875885,3.149221191
,,1471,96.48696518,3.132715289
,,1472,96.51454926,3.075549824
,,1473,96.52192307,3.072127546
,,1474,96.57405472,3.041464167
,,1475,96.60064316,3.014670884
,,1476,96.63056183,2.974011962
,,1477,96.66207886,2.95347797
,,1478,96.70921708,2.934917904
,,1479,96.73058319,2.900741449
,,1480,96.75864411,2.84890518
,,1481,96.7646904,2.828910717
,,1482,96.79264832,2.85568772
,,1483,96.7890091,2.818202358
,,1484,96.81404114,2.818529115
,,1485,96.81997681,2.805503361
,,1486,96.81469345,2.799207382
,,1487,96.83003617,2.791830343
,,1488,96.81224823,2.786681712
,,1489,96.80124283,2.801277881
,,1490,96.79359818,2.836165413
,,1491,96.78935623,2.832052844
,,1492,96.76458359,2.846093119
,,1493,96.72795868,2.875324566
,,1494,96.70729828,2.871196524
,,1495,96.67674637,2.914635728
,,1496,96.64925003,2.946317298
,,1497,96.61618423,2.985945645
,,1498,96.57327271,3.004168889
,,1499,96.56570435,3.049536327
,,1500,96.53646851,3.061652417
,,1501,96.49807739,3.09965929
,,1502,96.47378159,3.123663904
,,1503,96.44704819,3.18053871
,,1504,96.42243195,3.194540232
,,1505,96.39981079,3.222296595
,,1506,96.37583542,3.256219976
,,1507,96.35844422,3.295581775
,,1508,96.34251022,3.294681942
,,1509,96.32767106,3.317233104
,,1510,96.31454087,3.31189365
,,1511,96.29983521,3.331165166
,,1512,96.31499481,3.335087568
,,1513,96.31666184,3.331542098
,,1514,96.32086945,3.336945394
,,1515,96.33832169,3.313221199
,,1516,96.35635376,3.3180235
,,1517,96.38581849,3.288732027
,,1518,96.38298417,3.265776425
,,1519,96.41968537,3.260194289
,,1520,96.46247101,3.207586976
,,1521,96.48722839,3.162853429
,,1522,96.52850724,3.138347144
,,1523,96.58400726,3.106522885
,,1524,96.59638977,3.084792626
,,1525,96.63653946,3.030767903
,,1526,96.67124558,2.994686674
,,1527,96.7327652,2.949002057
,,1528,96.76192475,2.905065055
,,1529,96.82349014,2.863455794
,,1530,96.85563278,2.817299943
,,1531,96.89881134,2.785624769
,,1532,96.93371582,2.739304626
,,1533,96.96855927,2.713432321
,,1534,97.00318146,2.673360579
,,1535,97.02828217,2.651089605
,,1536,97.05761338,2.610453365
,,1537,97.08109665,2.601714007
,,1538,97.099926,2.549911709
,,1539,97.11508942,2.56015708
,,1540,97.0983963,2.527079442
,,1541,97.10030365,2.531413679
,,1542,97.11828232,2.535663988
,,1543,97.10482407,2.534739903
,,1544,97.0774498,2.549018561
,,1545,97.09366989,2.542940971
,,1546,97.05963135,2.57571365
,,1547,97.03628159,2.593288499
,,1548,97.00056839,2.603462489
,,1549,96.97292328,2.637947806
,,1550,96.93835068,2.657879776
,,1551,96.91302872,2.689196443
,,1552,96.87513733,2.755842692
,,1553,96.82816315,2.766502923
,,1554,96.79207993,2.812157139
,,1555,96.77284622,2.862377158
,,1556,96.71416474,2.890587697
,,1557,96.66542053,2.924703532
,,1558,96.63526917,2.970618627
,,1559,96.6117363,3.020903143
,,1560,96.58235932,3.067678447
,,1561,96.53274918,3.086893642
,,1562,96.50370026,3.120404257
,,1563,96.46188355,3.149957104
,,1564,96.45402146,3.187330616
,,1565,96.4154892,3.18469889
,,1566,96.40811158,3.228807144
,,1567,96.39435196,3.282579343
,,1568,96.38176727,3.25780877
,,1569,96.37951279,3.276176179
,,1570,96.37124634,3.283173454
,,1571,96.37625504,3.279989289
,,1572,96.37656021,3.311004481
,,1573,96.37714005,3.264317332
,,1574,96.39175034,3.283138174
,,1575,96.42254639,3.261046008
,,1576,96.42226029,3.24975312
,,1577,96.45282746,3.225804485
,,1578,96.49388123,3.193877765
,,1579,96.50069046,3.187320757
,,1580,96.53103638,3.158577952
,,1581,96.56277466,3.115615538
,,1582,96.60448456,3.097502899
,,1583,96.62989044,3.060621143
,,1584,96.64609909,3.040851653
,,1585,96.68349076,3.021785508
,,1586,96.71169281,2.999966347
,,1587,96.72425843,2.943940128
,,1588,96.76227951,2.921773857
,,1589,96.77037812,2.900591682
,,1590,96.78442383,2.887773503
,,1591,96.80855942,2.891135247
,,1592,96.81216812,2.854305264
,,1593,96.83650971,2.839238226
,,1594,96.84261322,2.844017259
,,1595,96.83711243,2.814043588
,,1596,96.82531738,2.849716416
,,1597,96.80189515,2.830960843
,,1598,96.78897858,2.846716094
,,1599,96.76802063,2.861428742
,,1600,96.74608231,2.910743066
,,1601,96.71943665,2.941458682
,,1602,96.69614029,2.965598739
,,1603,96.63647842,2.987169684
,,1604,96.61264039,3.025612619
,,1605,96.55811692,3.043212605
,,1606,96.52046204,3.120837075
,,1607,96.45952225,3.166781109
,,1608,96.40964508,3.223966731
,,1609,96.33422089,3.280992453
,,1610,96.27463532,3.371397187
,,1611,96.21823502,3.410119667
,,1612,96.14644242,3.510280888
,,1613,96.05963516,3.553237402
,,1614,95.99015427,3.666612776
,,1615,95.89296723,3.734861968
,,1616,95.82373428,3.820678159
,,1617,95.74078751,3.904165844
,,1618,95.64951325,4.012408832
,,1619,95.53263093,4.09345562
,,1620,95.43556976,4.204322906
,,1621,95.35469437,4.309812142
,,1622,95.25786591,4.402057931
,,1623,95.12726212,4.561225086
,,1624,95.01904679,4.69278738
,,1625,94.89516068,4.808095518
,,1626,94.77030564,4.951891338
,,1627,94.61553955,5.088987203
,,1628,94.45357895,5.235792089
,,1629,94.32407761,5.41318512
,,1630,94.14906311,5.617631729
,,1631,93.95757294,5.77639854
,,1632,93.72928238,6.036846041
,,1633,93.49994278,6.19579526
,,1634,93.29291534,6.452117961
,,1635,93.05902482,6.735569212
,,1636,92.76864624,6.968434661
,,1637,92.48695755,7.296964776
,,1638,92.13978196,7.626574623
,,1639,91.79912567,7.951074799
,,1640,91.44472123,8.314631512
,,1641,91.04683304,8.702005196
,,1642,90.60285568,9.108312409
,,1643,90.15861512,9.558320681
,,1644,89.66540527,10.05227226
,,1645,89.13525391,10.56973969
,,1646,88.60210419,11.10498381
,,1647,88.0372963,11.63495459
,,1648,87.42153168,12.25868501
,,1649,86.79764176,12.85455507
,,1650,86.11241913,13.50486504
,,1651,85.40874863,14.23795275
,,1652,84.68957901,14.92642059
,,1653,83.9725647,15.63188581
,,1654,83.14723206,16.39839422
,,1655,82.3968544,17.16427208
,,1656,81.56825257,17.92777993
,,1657,80.7219162,18.82965628
,,1658,79.85486221,19.62499371
,,1659,79.00820923,20.45614805
,,1660,78.13925171,21.31677311
,,1661,77.2575264,22.199962
,,1662,76.41444016,23.02566307
,,1663,75.49217987,23.96127457
,,1664,74.57166672,24.8705341
,,1665,73.72387314,25.71200058
,,1666,72.83095932,26.53451167
,,1667,71.9617424,27.41798974
,,1668,71.13331986,28.22882244
,,1669,70.30932236,29.05325216
,,1670,69.43735504,29.90422804
,,1671,68.70518875,30.66310126
,,1672,67.93652344,31.43126314
,,1673,67.18376923,32.18517124
,,1674,66.49920082,32.86985819
,,1675,65.81503105,33.53238107
,,1676,65.16056824,34.20324764
,,1677,64.55764389,34.77517524
,,1678,64.00203514,35.3566985
,,1679,63.44247055,35.90906086
,,1680,62.94932366,36.39706637
,,1681,62.48893547,36.8468567
,,1682,62.06254959,37.30221428
,,1683,61.67163086,37.69331239
,,1684,61.34023285,38.00288545
,,1685,61.03451348,38.30698558
,,1686,60.78610611,38.58825727
,,1687,60.55356598,38.82098173
,,1688,60.36385918,39.00485469
,,1689,60.20474052,39.1727524
,,1690,60.12247277,39.28340908
,,1691,60.03671837,39.36025914
,,1692,59.9915123,39.39343322
,,1693,59.98431778,39.38851755
,,1694,60.00659943,39.37228338
,,1695,60.08469391,39.31631714
,,1696,60.18893433,39.23246402
,,1697,60.31740952,39.13492077
,,1698,60.45865059,38.97533555
,,1699,60.63771057,38.78159862
,,1700,60.86466027,38.60484387
,,1701,61.10521889,38.36838986
,,1702,61.35574723,38.14664172
,,1703,61.63941193,37.85518253
,,1704,61.94268418,37.59275336
,,1705,62.25259018,37.28122632
,,1706,62.59333801,37.00089851
,,1707,62.94012833,36.63931569
,,1708,63.30000496,36.26426898
,,1709,63.66257286,35.91932101
,,1710,64.0573597,35.55884767
,,1711,64.47083855,35.17359547
,,1712,64.84222603,34.76559574
,,1713,65.27876282,34.3928828
,,1714,65.7178421,33.95941297
,,1715,66.12432862,33.59001949
,,1716,66.57304001,33.19822339
,,1717,66.98619652,32.7776192
,,1718,67.39916039,32.38760207
,,1719,67.82681275,31.97515269
,,1720,68.24844742,31.5443535
,,1721,68.6619587,31.16968711
,,1722,69.04326439,30.79102598
,,1723,69.44131851,30.38616662
,,1724,69.82881737,30.02652956
,,1725,70.19161606,29.68409409
,,1726,70.574543,29.32403744
,,1727,70.92457009,28.99144609
,,1728,71.23000717,28.71269189
,,1729,71.51315308,28.4384209
,,1730,71.79677391,28.13434731
,,1731,72.00918961,27.88374233
,,1732,72.26982498,27.67898199
,,1733,72.43713951,27.47595679
,,1734,72.61610413,27.29596048
,,1735,72.72681809,27.16564579
,,1736,72.81767845,27.05776984
,,1737,72.8602047,26.98074625
,,1738,72.95324707,26.94629324
,,1739,72.93503571,26.91418074
,,1740,72.91006089,26.98861993
,,1741,72.82407761,27.00342837
,,1742,72.71456146,27.08169905
,,1743,72.56773758,27.18533537
,,1744,72.41771698,27.36029194
,,1745,72.17233658,27.51827803
,,1746,71.92008973,27.72721692
,,1747,71.68065644,27.97381893
,,1748,71.35054779,28.27122689
,,1749,71.01013566,28.56624628
,,1750,70.68779564,28.85560869
,,1751,70.31777573,29.23138877
,,1752,69.91024208,29.59376783
,,1753,69.52024079,29.96658707
,,1754,69.11256218,30.38282135
,,1755,68.66039658,30.78834671
,,1756,68.23189354,31.20551441
,,1757,67.76328468,31.63726846
,,1758,67.30909348,32.06657225
,,1759,66.8586731,32.47868577
,,1760,66.43619156,32.88967282
,,1761,66.00110436,33.34625286
,,1762,65.57064057,33.73785858
,,1763,65.16570092,34.16231187
,,1764,64.78466606,34.55923018
,,1765,64.38244629,34.91654901
,,1766,64.04203987,35.24449542
,,1767,63.71514511,35.58905021
,,1768,63.40779877,35.88719862
,,1769,63.11322594,36.16672245
,,1770,62.88052178,36.44026879
,,1771,62.61635209,36.61989763
,,1772,62.46837235,36.83362548
,,1773,62.26511574,36.94019311
,,1774,62.15385437,37.09190555
,,1775,62.02485657,37.20068423
,,1776,62.0193863,37.2681371
,,1777,61.96133041,37.29651093
,,1778,61.97875214,37.27956536
,,1779,62.00621605,37.25522835
,,1780,62.07071686,37.16191074
,,1781,62.17545891,37.08685732
,,1782,62.30117989,36.94931002
,,1783,62.49328041,36.77992944
,,1784,62.65605927,36.59100725
,,1785,62.90032959,36.39409668
,,1786,63.15838242,36.11207686
,,1787,63.46446228,35.88956494
,,1788,63.76006318,35.57593832
,,1789,64.10695839,35.24663497
,,1790,64.43289376,34.85140841
,,1791,64.81434059,34.48034432
,,1792,65.27335739,34.10647682
,,1793,65.67804718,33.70772714
,,1794,66.10519791,33.29670838
,,1795,66.6232853,32.81541546
,,1796,67.14302063,32.32528892
,,1797,67.58407784,31.91333954
,,1798,68.09679032,31.34706201
,,1799,68.6658268,30.86232176
,,1800,69.21743012,30.3295517
,,1801,69.79805946,29.720212
,,1802,70.39977074,29.1773633
,,1803,70.98385811,28.61449296
,,1804,71.54169274,28.0551977
,,1805,72.19104386,27.48682137
,,1806,72.81247711,26.85019917
,,1807,73.42966652,26.23103427
,,1808,74.10696984,25.64912775
,,1809,74.73392296,25.04541051
,,1810,75.3426323,24.48007935
,,1811,76.00450898,23.83575631
,,1812,76.63609314,23.19407547
,,1813,77.29210663,22.64243539
,,1814,77.92015458,21.95286112
,,1815,78.56494522,21.33653006
,,1816,79.15122032,20.75136422
,,1817,79.71719933,20.19104168
,,1818,80.30199051,19.62490817
,,1819,80.8369484,19.10319012
,,1820,81.47917938,18.55939151
,,1821,82.11281967,17.92894973
,,1822,82.5691452,17.45174164
,,1823,83.05568695,16.95342816
,,1824,83.4234047,16.55162531
,,1825,83.83695603,16.21929396
,,1826,84.18329239,15.78881975
,,1827,84.5207901,15.4653273
,,1828,84.84092331,15.17389993
,,1829,85.11169815,14.89995614
,,1830,85.30814362,14.70686076
,,1831,85.47512055,14.51796592
,,1832,85.55870819,14.35307367
,,1833,85.5926323,14.24446813
,,1834,85.64705658,14.25309782
,,1835,85.5683136,14.2531185
,,1836,85.51726532,14.29737756
,,1837,85.34244156,14.47999443
,,1838,85.1513176,14.58373314
,,1839,84.90490342,14.80843551
,,1840,84.57096863,15.10036989
,,1841,84.24517441,15.39046205
,,1842,83.82794189,15.7799696
,,1843,83.41877365,16.12427748
,,1844,83.06410218,16.45302855
,,1845,82.67320251,16.86025745
,,1846,82.14904023,17.32459243
,,1847,81.54632569,17.8576366
,,1848,80.84587479,18.50552898
,,1849,80.23109055,19.20986496
,,1850,79.70668411,19.67143736
,,1851,79.18575669,20.16726689
,,1852,78.61623383,20.73267807
,,1853,77.96492005,21.34974102
,,1854,77.3472786,21.9927819
,,1855,76.67367554,22.61597134
,,1856,76.10872651,23.18219954
,,1857,75.55801773,23.74535403
,,1858,74.97093201,24.38355546
,,1859,74.32943344,24.9999807
,,1860,73.7769661,25.49177532
,,1861,73.26344299,26.07115983
,,1862,72.73109627,26.57125035
,,1863,72.33397293,27.02005281
,,1864,71.89884568,27.36799775
,,1865,71.50747299,27.7911328
,,1866,71.10811043,28.15310899
,,1867,70.77893829,28.51832142
,,1868,70.45804787,28.87620312
,,1869,70.18087197,29.25988948
,,1870,69.86091614,29.46125154
,,1871,69.52192688,29.72342601
,,1872,69.35559654,29.95970166
,,1873,69.14201737,30.15846346
,,1874,69.0114193,30.25956708
,,1875,68.93735314,30.44587685
,,1876,68.84767914,30.49883313
,,1877,68.76025009,30.607938
,,1878,68.75670052,30.62133134
,,1879,68.7426529,30.66339903
,,1880,68.77305985,30.66029589
,,1881,68.80061532,30.59870024
,,1882,68.87223625,30.57284305
,,1883,68.93335915,30.46130145
,,1884,69.04523278,30.3888985
,,1885,69.20464135,30.26378528
,,1886,69.3012619,30.12232194
,,1887,69.48225212,30.01503008
,,1888,69.66771317,29.84135393
,,1889,69.8056469,29.63479325
,,1890,70.06480027,29.4567486
,,1891,70.28566933,29.24024602
,,1892,70.58024025,29.11557902
,,1893,70.83974076,28.81337442
,,1894,71.02905655,28.56631148
,,1895,71.23055268,28.27081213
,,1896,71.53709984,28.13100431
,,1897,71.74277306,27.84346777
,,1898,72.02109909,27.61591892
,,1899,72.34744263,27.28514161
,,1900,72.63056374,27.02395822
,,1901,72.9214344,26.76014432
,,1902,73.15940094,26.47564897
,,1903,73.40812493,26.27314042
,,1904,73.65513421,26.03366575
,,1905,73.9623642,25.86324389
,,1906,74.2304821,25.46666052
,,1907,74.52537156,25.21439305
,,1908,74.78796387,25.04037105
,,1909,74.92256546,24.77504181
,,1910,75.18208885,24.69071171
,,1911,75.3672123,24.50496985
,,1912,75.59955597,24.32479346
,,1913,75.7208252,24.11459408
,,1914,75.88280487,23.87572043
,,1915,76.03797913,23.86071296
,,1916,76.16762543,23.70057704
,,1917,76.21915054,23.63396576
,,1918,76.26553345,23.48667263
,,1919,76.33085251,23.44992094
,,1920,76.36138916,23.40532451
,,1921,76.32682419,23.47725296
,,1922,76.37501908,23.43117947
,,1923,76.32585907,23.51971668
,,1924,76.26555252,23.53967399
,,1925,76.17688751,23.62467848
,,1926,76.03166962,23.72839988
,,1927,75.87003708,23.89357735
,,1928,75.75738907,24.05453714
,,1929,75.59014893,24.22219131
,,1930,75.35030365,24.3662926
,,1931,75.09939194,24.65635649
,,1932,74.84288788,24.78690827
,,1933,74.63762283,25.07576537
,,1934,74.29412842,25.34984234
,,1935,74.06046295,25.59676032
,,1936,73.6903534,25.88189738
,,1937,73.36291123,26.26804318
,,1938,73.03408051,26.58601369
,,1939,72.69958878,26.93581615
,,1940,72.33058548,27.26212815
,,1941,71.92102433,27.5925116
,,1942,71.6028328,27.98882354
,,1943,71.1914711,28.32294331
,,1944,70.87416077,28.6932203
,,1945,70.42857552,28.96052895
,,1946,70.07909203,29.38566681
,,1947,69.69984627,29.71841365
,,1948,69.35926056,30.10432027
,,1949,69.01600266,30.48432807
,,1950,68.642416,30.81003239
,,1951,68.32824707,31.13018694
,,1952,68.01581955,31.40086458
,,1953,67.66913605,31.81228132
,,1954,67.33274078,31.99546389
,,1955,67.06215286,32.35015921
,,1956,66.82805443,32.61879313
,,1957,66.54883194,32.85939126
,,1958,66.38181305,33.07215547
,,1959,66.13075829,33.31862404
,,1960,65.93130303,33.48128958
,,1961,65.74997139,33.69531549
,,1962,65.60095787,33.83040185
,,1963,65.46246148,33.92499225
,,1964,65.38582039,34.10315869
,,1965,65.25532914,34.1759747
,,1966,65.12318421,34.21232593
,,1967,65.09889603,34.28548678
,,1968,65.122118,34.36284121
,,1969,65.04545975,34.40000309
,,1970,65.10344124,34.36106549
,,1971,65.08616829,34.3466097
,,1972,65.12630654,34.2895337
,,1973,65.21858788,34.2121406
,,1974,65.26805496,34.14957156
,,1975,65.44857216,34.06408844
,,1976,65.49709702,33.95848163
,,1977,65.66618729,33.82494981
,,1978,65.80781174,33.6617799
,,1979,65.99764443,33.49195456
,,1980,66.17291641,33.36362813
,,1981,66.40881539,33.11574294
,,1982,66.56863594,32.85262219
,,1983,66.86546516,32.64994665
,,1984,67.11361885,32.44611172
,,1985,67.39510346,32.17036841
,,1986,67.61387253,31.96323442
,,1987,67.87916947,31.63878016
,,1988,68.18502236,31.37109255
,,1989,68.44905472,31.05180522
,,1990,68.87459755,30.7585023
,,1991,69.13101387,30.37925122
,,1992,69.52150917,30.09215093
,,1993,69.77104569,29.77769488
,,1994,70.14943696,29.40854823
,,1995,70.55046845,29.07811379
,,1996,70.91846466,28.75614295
,,1997,71.29568291,28.34786886
,,1998,71.76253319,28.0129245
,,1999,72.02192688,27.60732847
,,2000,72.26696015,27.44338979
,,2001,72.66641235,27.1247755
,,2002,73.06568527,26.74937903
,,2003,73.40413857,26.30725773
,,2004,73.84970093,26.029671
,,2005,74.23266602,25.56594113
,,2006,74.6225853,25.26873526
,,2007,74.93389512,24.7898405
,,2008,75.35493851,24.49048835
,,2009,75.71240616,24.02807352
,,2010,76.19493485,23.83689469
,,2011,76.45300102,23.40193387
,,2012,76.82725906,23.0255803
,,2013,77.17041779,22.64426473
,,2014,77.49422836,22.35300085
,,2015,77.78264427,22.03254866
,,2016,78.09769058,21.71875178
,,2017,78.41002655,21.46128533
,,2018,78.70394898,21.12630779
,,2019,79.02320862,20.94404427
,,2020,79.19073487,20.57011742
,,2021,79.38424301,20.29348631
,,2022,79.5897789,20.07364392
,,2023,79.82571793,19.90971295
,,2024,80.00382233,19.76973455
,,2025,80.18147278,19.50675683
,,2026,80.30199432,19.40973659
,,2027,80.40799332,19.24244685
,,2028,80.52731323,19.10442128
,,2029,80.57980728,18.98232341
,,2030,80.62640381,18.89823227
,,2031,80.65270996,18.84898823
,,2032,80.74285126,18.80078976
,,2033,80.73421478,18.84798152
,,2034,80.72361374,18.76840283
,,2035,80.69239426,18.84780279
,,2036,80.63054276,18.81479808
,,2037,80.53074646,18.88521465
,,2038,80.45731354,18.99776417
,,2039,80.36677933,18.99869353
,,2040,80.23926926,19.12512477
,,2041,80.08543015,19.29092931
,,2042,79.96034623,19.38297553
,,2043,79.78832245,19.44453975
,,2044,79.6043129,19.68176907
,,2045,79.48077011,19.78218308
,,2046,79.29137802,19.93409157
,,2047,79.03790283,20.06902933
,,2048,78.81311035,20.27058008
,,2049,78.67903519,20.45524929
,,2050,78.46672821,20.67507234
,,2051,78.26028061,20.90868574
,,2052,77.99711991,21.00235087
,,2053,77.83675766,21.27090575
,,2054,77.61674118,21.44505841
,,2055,77.39587402,21.59170183
,,2056,77.227314,21.89526393
,,2057,77.04275894,21.96649174
,,2058,76.84356308,22.03545098
,,2059,76.64156723,22.26102193
,,2060,76.50353241,22.45568019
,,2061,76.2983551,22.58354334
,,2062,76.19123078,22.81910787
,,2063,76.01248551,22.86007428
,,2064,75.95745087,22.97326827
,,2065,75.87619972,23.11469989
,,2066,75.77297211,23.16068256
,,2067,75.65015984,23.23989561
,,2068,75.59989166,23.30164615
,,2069,75.55606461,23.41725557
,,2070,75.51858712,23.36915483
,,2071,75.4962616,23.44236301
,,2072,75.50922966,23.49660517
,,2073,75.49609566,23.29552773
,,2074,75.50149155,23.4614434
,,2075,75.64810944,23.43127407
,,2076,75.68450165,23.3734646
,,2077,75.77282333,23.242694
,,2078,75.78589631,23.21720763
,,2079,75.84684753,23.04820437
,,2080,75.99139405,23.0184462
,,2081,76.19426537,22.89431169
,,2082,76.24598122,22.75467066
,,2083,76.44609452,22.60489192
,,2084,76.64986801,22.30901258
,,2085,76.82326889,22.18207851
,,2086,77.05564118,22.02276647
,,2087,77.24980736,21.80298012
,,2088,77.42493439,21.61518375
,,2089,77.72919083,21.42200967
,,2090,77.95310974,21.15215235
,,2091,78.16769219,20.94008308
,,2092,78.46187782,20.6056553
,,2093,78.69425011,20.41403377
,,2094,79.04386711,20.10354183
,,2095,79.22175789,19.78486393
,,2096,79.59100724,19.60763326
,,2097,79.86903763,19.24307511
,,2098,80.21082306,18.98787816
,,2099,80.52534485,18.70163705
,,2100,80.75001526,18.37982041
,,2101,81.19779968,18.10508411
,,2102,81.42823792,17.76857048
,,2103,81.72570801,17.51941933
,,2104,82.0227356,17.20515385
,,2105,82.38644791,16.89824187
,,2106,82.68273163,16.65599517
,,2107,82.98157502,16.30708459
,,2108,83.2458458,16.00132188
,,2109,83.54299164,15.74357879
,,2110,83.81445694,15.44309487
,,2111,84.10336685,15.14440739
,,2112,84.3729744,14.94341682
,,2113,84.64725876,14.7240972
,,2114,84.8337555,14.56225584
,,2115,85.04249954,14.25244763
,,2116,85.19334793,14.07053729
,,2117,85.46207428,13.88051332
,,2118,85.53101731,13.63572304
,,2119,85.70494843,13.46119052
,,2120,85.8699379,13.31166552
,,2121,85.96511078,13.21714932
,,2122,86.19031525,13.07418306
,,2123,86.17993546,13.16323512
,,2124,86.11697769,13.07572568
,,2125,86.16882706,13.15000564
,,2126,86.11624146,12.99509454
,,2127,86.01731873,13.07844982
,,2128,86.04515839,13.20724656
,,2129,85.85363389,13.23643269
,,2130,85.83323288,13.38669954
,,2131,85.55687714,13.48254398
,,2132,85.36901856,13.80350745
,,2133,85.21027374,13.88455757
,,2134,85.00094986,14.12115775
,,2135,84.56970978,14.359852
,,2136,84.21034241,14.63301357
,,2137,83.85639191,14.86451028
,,2138,83.58209229,15.17917158
,,2139,83.18000794,15.6682401
,,2140,82.73645783,15.95596417
,,2141,82.25497437,16.35193335
,,2142,81.85761261,17.03734999
,,2143,81.30323029,17.24166365
,,2144,80.7988739,17.65682474
,,2145,80.32052613,18.31672055
,,2146,79.80669022,18.74513247
,,2147,79.20530319,19.28681583
,,2148,78.59481812,19.89239687
,,2149,77.94576264,20.22052098
,,2150,77.47612381,20.90822149
,,2151,76.82526017,21.45000889
,,2152,76.11296845,21.96830065
,,2153,75.5514679,22.49782834
,,2154,75.0027771,23.15610092
,,2155,74.29809571,23.71172816
,,2156,73.6320839,24.23976107
,,2157,73.09752655,24.95592095
,,2158,72.42280197,25.55322419
,,2159,71.81336212,25.97497217
,,2160,71.23933793,26.59415342
,,2161,70.66307259,27.10630424
,,2162,70.016325,27.63962454
,,2163,69.43573761,28.22606177
,,2164,68.90296173,28.71413189
,,2165,68.32385064,29.18152891
,,2166,67.73212624,29.67795118
,,2167,67.2670765,30.2489025
,,2168,66.84433937,30.6776043
,,2169,66.36816597,31.12342944
,,2170,65.84361267,31.52444811
,,2171,65.28884697,32.01489446
,,2172,64.81239319,32.26652921
,,2173,64.53304672,32.80578417
,,2174,63.94895935,33.06294374
,,2175,63.48949814,33.22397241
,,2176,63.07724381,33.7130392
,,2177,62.81228638,33.99601233
,,2178,62.4277401,34.15439192
,,2179,62.14169312,34.54124219
,,2180,61.61812211,34.77070297
,,2181,61.39819336,34.90909126
,,2182,61.09871483,35.12516093
,,2183,60.77764511,35.22494723
,,2184,60.42591286,35.24892909
,,2185,60.08882714,35.42523725
,,2186,59.83197594,35.4847932
,,2187,59.49111176,35.49614526
,,2188,59.06610871,35.5556875
,,2189,58.90773964,35.58532425
,,2190,58.58924866,35.50452512
,,2191,58.28030587,35.50686039
,,2192,57.96533394,35.45296968
,,2193,57.57227135,35.20947657
,,2194,57.23743248,35.1789244
,,2195,56.92686653,35.14398444
,,2196,56.4879551,34.80568024
,,2197,56.098732,34.67652047
,,2198,55.7239151,34.44081591
,,2199,55.35637856,34.17744452
,,2200,54.98589898,33.99877489
,,2201,54.81222725,33.7275534
,,2202,54.36577607,33.50152254
,,2203,54.14208413,33.20963825
,,2204,53.88367653,32.94999418
,,2205,53.86015129,32.7060913
,,2206,53.68042565,32.38012108
,,2207,53.67694283,32.12715619
,,2208,53.75481987,31.9687258
,,2209,53.88523865,31.56871597
,,2210,54.08080864,31.4731983
,,2211,54.20511055,31.09931746
,,2212,54.36993981,30.89908554
,,2213,54.63469124,30.50084279
,,2214,55.16447258,30.47779082
,,2215,55.58744431,30.18562316
,,2216,55.79166985,29.75998812
,,2217,56.31097985,29.55872058
,,2218,56.83146477,29.44617907
,,2219,57.29891586,29.09653142
,,2220,57.80661583,28.78869244
,,2221,58.34228898,28.47564168
,,2222,58.86826706,28.15547742
,,2223,59.23970604,27.99280594
,,2224,59.90331841,27.64493845
,,2225,60.34434891,27.24401531
,,2226,60.81300927,26.90156139
,,2227,61.48493195,26.51820264
,,2228,61.79101563,26.1485262
,,2229,62.31625176,25.84129276
,,2230,62.79124069,25.35451739
,,2231,63.36113548,25.15283911
,,2232,63.76530266,24.64027088
,,2233,64.35169983,24.33130625
,,2234,64.87816811,24.07086501
,,2235,65.21780396,23.56890342
,,2236,65.59065819,23.12397018
,,2237,66.12289429,22.67889293
,,2238,66.52145386,22.38639935
,,2239,67.10259438,22.0131811
,,2240,67.40300751,21.59146298
,,2241,67.67107773,21.07699918
,,2242,68.41210556,20.88802083
,,2243,69.01698875,20.46766022
,,2244,69.20720101,19.94693387
,,2245,69.68816567,19.69487274
,,2246,70.10451317,19.21188909
,,2247,70.67045021,19.08043193
,,2248,70.99880409,18.58991718
,,2249,71.57011223,18.10987948
,,2250,71.82821274,17.86566368
,,2251,72.34817887,17.47055203
,,2252,72.74864388,17.1937132
,,2253,73.32432175,16.92114689
,,2254,73.69140053,16.65862062
,,2255,74.09227371,16.31978938
,,2256,74.36016083,15.9599919
,,2257,74.67705155,15.84196413
,,2258,75.22631836,15.61370781
,,2259,75.4823494,15.25279262
,,2260,75.97571564,15.23970364
,,2261,76.36225128,14.92063524
,,2262,76.63676834,14.77967602
,,2263,76.96258927,14.6222023
,,2264,77.32006455,14.49305305
,,2265,77.50222016,14.28630381
,,2266,77.76217652,14.34804697
,,2267,77.98467255,14.02761246
,,2268,78.29534912,14.01908537
,,2269,78.48653031,14.16961743
,,2270,78.529068,13.93804045
,,2271,78.81737137,13.92429862
,,2272,78.93801498,13.8229286
,,2273,79.04492569,13.82936447
,,2274,79.12796402,13.87931005
,,2275,79.14086533,13.8264358
,,2276,79.16689682,14.22540617
,,2277,79.04288864,14.0235626
,,2278,79.14896011,14.15965616
,,2279,79.16669846,14.37965206
,,2280,79.22047806,14.73850539
,,2281,79.0612793,14.83692795
,,2282,79.02114106,15.13576154
,,2283,78.94232559,15.19042648
,,2284,78.88667679,15.50039771
,,2285,78.79003525,15.74440828
,,2286,78.6309166,15.94908308
,,2287,78.36952972,16.11224475
,,2288,78.17213059,16.50092214
,,2289,77.85810852,16.788522
,,2290,77.72806168,17.1435633
,,2291,77.47281647,17.29380746
,,2292,77.3064766,17.69481609
,,2293,77.18772126,17.95902781
,,2294,77.00823212,18.17327106
,,2295,76.64604187,18.53762784
,,2296,76.6111641,18.94437222
,,2297,76.3893013,19.32425379
,,2298,76.04554749,19.62457225
,,2299,75.83632278,19.83964864
,,2300,75.55407715,20.28567053
,,2301,75.20141983,20.59505526
,,2302,75.01104737,20.76716646
,,2303,74.80545426,21.01166318
,,2304,74.51992035,21.45587816
,,2305,74.23399353,21.59735059
,,2306,74.18849182,21.93329064
,,2307,73.86364746,22.34823416
,,2308,73.70670891,22.46530576
,,2309,73.48534012,22.81059031
,,2310,73.07236672,23.08926498
,,2311,73.09846306,23.33899965
,,2312,72.80904198,23.65089931
,,2313,72.80767632,23.69345955
,,2314,72.78902435,23.9416149
,,2315,72.51395798,24.09431867
,,2316,72.24783326,24.4371679
,,2317,72.11267853,24.45376505
,,2318,72.06961632,24.65252898
,,2319,72.0528698,24.88972273
,,2320,71.8377266,24.89568664
,,2321,71.90636444,25.20749423
,,2322,71.57644081,25.10484294
,,2323,71.54057503,25.16854561
,,2324,71.6314888,25.39246595
,,2325,71.55949402,25.29173101
,,2326,71.70920563,25.30329063
,,2327,71.69712258,25.49883677
,,2328,71.63450623,25.45124844
,,2329,71.57087899,25.49943987
,,2330,71.72332955,25.55593232
,,2331,71.69986344,25.52196966
,,2332,71.61981011,25.41197179
,,2333,71.86178398,25.39675911
,,2334,72.06467438,25.60619778
,,2335,71.86458397,25.485796
,,2336,72.13235093,25.10227192
,,2337,72.27431679,25.1940077
,,2338,72.41314125,24.86071042
,,2339,72.44808388,24.91327602
,,2340,72.65656662,24.79115067
,,2341,72.88191414,24.56905577
,,2342,73.04589272,24.60474949
,,2343,73.08169937,24.1327828
,,2344,73.50195885,24.11344459
,,2345,73.43915749,23.94532979
,,2346,73.64732933,23.72430684
,,2347,74.07501221,23.5946725
,,2348,74.04963112,23.39669428
,,2349,74.65029335,23.27024701
,,2350,74.63685417,23.06272587
,,2351,74.94069481,22.64352207
,,2352,75.22955132,22.38496551
,,2353,75.48622513,22.25543829
,,2354,75.77324295,21.84927
,,2355,76.14820672,21.6756471
,,2356,76.4361496,21.37070978
,,2357,76.66588021,21.12628637
,,2358,77.10811424,20.96419954
,,2359,77.22140122,20.44817324
,,2360,77.57005501,20.13470025
,,2361,77.69960022,19.83436314
,,2362,78.37428284,19.7429195
,,2363,78.32241631,19.32107547
,,2364,78.93177414,18.852299
,,2365,79.06705666,18.72120951
,,2366,79.337183,18.24591987
,,2367,79.73650742,17.99529571
,,2368,80.13614655,17.84901789
,,2369,80.34550095,17.61410936
,,2370,80.65566635,17.01428024
,,2371,81.1752472,16.76397059
,,2372,81.38073731,16.46868991
,,2373,81.80451203,16.05480366
,,2374,82.19642258,15.68352412
,,2375,82.34936905,15.40525975
,,2376,82.86789704,15.18705648
,,2377,82.96905137,14.61421957
,,2378,83.46768952,14.49578089
,,2379,83.62612153,14.07441475
,,2380,83.95424271,13.89048116
,,2381,84.23136139,13.55728734
,,2382,84.30969239,13.20020591
,,2383,84.81702805,13.10450148
,,2384,85.09461212,12.73882763
,,2385,85.25136948,12.57109047
,,2386,85.46754837,12.35851944
,,2387,85.72316742,11.84986276
,,2388,86.24796295,11.78653781
,,2389,86.14159012,11.54178915
,,2390,86.27561951,11.57050622
,,2391,86.57958222,10.99024555
,,2392,86.60167695,11.05573311
,,2393,86.82876206,11.06408371
,,2394,86.85578537,10.88568355
,,2395,86.85467911,10.44728565
,,2396,87.00354004,10.77613903
,,2397,87.2772522,10.62397797
,,2398,87.29337311,10.51603311
,,2399,87.19087982,10.44484516
,,2400,87.32839966,10.26487862
,,2401,87.49725724,10.2237747
,,2402,87.3974762,10.14744664
,,2403,87.04953385,10.26499077
,,2404,87.27278138,10.55068067
,,2405,87.09031296,10.4961521
,,2406,87.06472397,10.60658293
,,2407,86.86549378,10.45930953
,,2408,86.63452149,10.85741913
,,2409,86.49687577,10.61538936
,,2410,86.34651947,10.80941568
,,2411,85.87858963,11.14086733
,,2412,85.96855545,11.23565351
,,2413,85.5743866,11.18676075
,,2414,85.40504456,11.50819699
,,2415,85.1537323,12.01855778
,,2416,84.92958069,12.0158871
,,2417,84.64583206,12.38856158
,,2418,84.05914307,12.48919747
,,2419,83.76758576,12.8612187
,,2420,83.78212357,13.06287412
,,2421,83.32278061,13.45085974
,,2422,83.11720658,14.04281922
,,2423,82.73642731,14.27218641
,,2424,82.51366425,14.87581535
,,2425,81.75985337,14.97267616
,,2426,81.4189415,15.14422084
,,2427,81.0786171,15.50771726
,,2428,80.43350601,15.87291787
,,2429,80.05291748,16.26785281
,,2430,79.72447205,16.95141091
,,2431,79.33895493,17.1737541
,,2432,78.95912171,17.24031529
,,2433,78.63381195,17.85857079
,,2434,78.42628098,18.26869091
,,2435,77.573349,18.67211629
,,2436,77.09210587,19.09636979
,,2437,76.61557388,19.66927731
,,2438,76.38621903,19.86658353
,,2439,76.00812912,20.07870355
,,2440,75.52600098,20.7718426
,,2441,75.32208634,20.88891948
,,2442,74.59993363,21.33191381
,,2443,74.4553299,21.98526643
,,2444,73.75305939,21.73442602
,,2445,73.61413574,22.27911508
,,2446,73.10128403,22.71078058
,,2447,72.78682709,22.93095057
,,2448,72.42896843,23.46207701
,,2449,71.8644352,23.64368787
,,2450,71.81144524,23.97433002
,,2451,71.5151062,24.46869305
,,2452,70.89648819,24.85956912
,,2453,70.63355637,24.71168207
,,2454,70.43942452,25.34559668
,,2455,70.06845475,25.71551025
,,2456,69.65717507,25.70027137
,,2457,69.41196061,25.71116958
,,2458,69.28775216,26.04878226
,,2459,69.16004754,26.63719004
,,2460,68.65686417,26.52241851
,,2461,68.51680184,26.792877
,,2462,68.26028824,27.02074367
,,2463,67.98514939,27.07189705
,,2464,67.9755497,27.44806947
,,2465,67.67166138,27.44027698
,,2466,66.96156121,27.5378262
,,2467,67.20299721,27.91688071
,,2468,67.10038757,27.94274862
,,2469,66.90019417,28.08440229
,,2470,66.80325318,28.35453324
,,2471,66.35421562,28.03661028
,,2472,66.42630768,28.30166709
,,2473,66.48148727,28.52745949
,,2474,66.40843583,28.23369373
,,2475,65.96340752,28.46211917
,,2476,66.10605049,28.57358968
,,2477,66.2065773,28.6057119
,,2478,65.88619995,28.57007387
,,2479,65.93330956,28.71745489
,,2480,65.78959084,28.50767905
,,2481,65.39456368,28.59550801
,,2482,66.16235352,28.89993869
,,2483,65.84830094,28.71715772
,,2484,65.61491013,28.82344325
,,2485,65.79139137,28.354696
,,2486,65.85962105,28.37733799
,,2487,65.96195793,28.44777947
,,2488,65.61016464,28.12452609
,,2489,65.99902535,28.43410073
,,2490,66.351511,28.2791687
,,2491,65.93520737,27.78166434
,,2492,65.58909417,27.70479398
,,2493,65.75432396,27.55948527
,,2494,65.83433342,27.07229482
,,2495,66.31843567,27.25284172
,,2496,66.2718277,27.32043497
,,2497,65.70455742,27.16727876
,,2498,66.38850403,27.17962823
,,2499,66.50881195,26.74546264
,,2500,66.58089828,26.85132925