,,Unpolarized Performance of 805 nm Longpass Dichroic Mirror,,
,,Wavelength (nm),% Transmission,% Reflectance
,,250,5.41308,15.47997
,,251,6.13045,14.12274
,,252,3.34257,15.57537
,,253,6.78326,18.17302
Product Raw Data,,254,2.60358,17.89731
"Longpass Dichroic Mirror, 805 nm Cut-On",,255,5.37962,19.86698
,,256,7.56171,19.9079
Item #,"DMLP805T, DMLP805, DMLP805L, DMLP805R",257,4.85861,21.03441
,,258,4.0215,18.41559
,,259,4.43062,21.45417
,,260,5.30238,23.09404
"DISCLAIMER: The data presented here are typical. Slight variations in performance data will occur from lot to lot. Please contact Technical Support with any questions regarding the use or reliability of this data. This data may be used in publications. However, please cite Thorlabs as the source.",,261,1.88116,21.5175
,,262,2.62326,21.53837
,,263,8.55047,28.63319
,,264,4.89764,26.34414
,,265,4.34012,27.42899
,,266,7.56506,27.67023
,,267,6.43575,26.33335
,,268,1.68777,24.87976
,,269,7.08135,24.51922
Additional Information:,,270,8.10957,28.22045
"Measurements were made at a 45° incident angle on the DMLP805. Due to differing substrate thicknesses, the transmission may be different for other optics with the same dichroic coating.",,271,4.19417,29.09073
,,272,5.33884,26.45701
,,273,5.2912,27.5551
,,274,1.50018,25.32777
,,275,1.43398,24.9501
,,276,6.47364,28.98128
,,277,6.67237,31.90442
,,278,5.19263,28.55429
,,279,5.66135,30.58153
,,280,6.24937,30.99706
,,281,8.82138,29.93036
,,282,6.2847,28.6735
,,283,11.15997,33.27323
,,284,5.45546,29.32493
,,285,4.09752,28.53846
,,286,10.4502,29.97397
,,287,10.0844,30.3054
,,288,11.27732,29.15889
,,289,6.9246,25.54198
,,290,5.15219,27.8315
,,291,2.81537,32.21978
,,292,3.5775,23.1926
,,293,8.0718,23.77895
,,294,8.93485,28.09425
,,295,8.92403,24.69504
,,296,6.05349,23.52041
,,297,2.8202,18.35046
,,298,6.85806,24.25082
,,299,5.26221,22.82285
,,300,5.83138,24.60141
,,301,8.32371,23.73504
,,302,4.07778,22.95308
,,303,3.39981,23.55705
,,304,3.35751,18.23998
,,305,8.12676,24.98256
,,306,6.66985,24.52543
,,307,6.04969,24.974
,,308,6.81511,28.47055
,,309,5.62067,30.83708
,,310,10.75907,32.96356
,,311,3.68498,28.93448
,,312,4.09169,30.14853
,,313,5.45027,33.8817
,,314,6.91423,35.26201
,,315,12.68727,37.16601
,,316,8.05839,36.75572
,,317,1.50547,35.06365
,,318,7.97298,42.10848
,,319,10.09249,38.71921
,,320,2.17934,35.48792
,,321,3.19354,37.14613
,,322,3.20385,36.7109
,,323,1.90621,36.75484
,,324,3.36248,38.12652
,,325,2.86604,36.56953
,,326,2.55291,35.91552
,,327,1.41112,35.85835
,,328,1.89872,36.37005
,,329,2.64906,36.8759
,,330,1.167,36.89922
,,331,2.30298,37.84931
,,332,3.62296,39.46721
,,333,1.24324,37.97253
,,334,1.54239,39.1914
,,335,2.48407,39.22292
,,336,1.74204,36.82647
,,337,2.144,35.49043
,,338,2.76802,34.50382
,,339,1.7411,31.14792
,,340,2.41559,27.06543
,,341,1.93042,24.61714
,,342,2.38086,20.0148
,,343,2.19417,15.88343
,,344,0.78325,13.51754
,,345,2.23348,13.22474
,,346,0.58093,13.86193
,,347,1.74195,14.68443
,,348,1.26385,16.18388
,,349,1.39285,19.99025
,,350,1.64393,23.70411
,,351,0.97476,30.23608
,,352,0.6467,36.84878
,,353,1.70948,42.1872
,,354,1.59423,44.42241
,,355,1.30824,46.01232
,,356,1.68703,48.34307
,,357,0.99117,53.00551
,,358,1.22076,58.09154
,,359,1.38397,61.9575
,,360,1.70832,63.19106
,,361,2.17347,61.30858
,,362,1.89614,57.917
,,363,2.10609,55.02109
,,364,1.41376,54.23787
,,365,2.08357,58.02411
,,366,1.58193,63.76443
,,367,1.56037,68.92045
,,368,1.10139,72.08279
,,369,0.9607,73.18589
,,370,0.50743,73.57444
,,371,1.21326,74.37187
,,372,0.91751,76.31056
,,373,1.41157,78.62856
,,374,1.35624,79.57046
,,375,1.41652,81.47203
,,376,2.07955,83.00746
,,377,1.72564,85.70589
,,378,1.70891,87.70997
,,379,1.67846,89.3433
,,380,1.75571,90.9941
,,381,2.28159,89.87406
,,382,2.34406,87.24489
,,383,2.75673,84.94831
,,384,3.67273,82.93209
,,385,3.32384,82.78316
,,386,3.01439,85.08016
,,387,2.72767,88.26617
,,388,1.90912,91.53528
,,389,1.09022,93.36287
,,390,0.73912,94.05152
,,391,0.64808,93.79156
,,392,0.42393,93.42341
,,393,0.6428,93.76585
,,394,0.79685,94.47935
,,395,0.28532,95.96519
,,396,0.49371,97.1079
,,397,0.40876,98.27239
,,398,0.3487,98.55355
,,399,0.66852,98.48217
,,400,0.47465,98.07592
,,401,0.72558,97.30125
,,402,0.45514,96.50135
,,403,0.47087,95.69149
,,404,0.30151,95.11659
,,405,0.27382,94.70551
,,406,0.23557,94.37913
,,407,0.37098,94.63854
,,408,0.47705,94.992
,,409,0.61237,95.72007
,,410,0.43838,96.50083
,,411,0.40171,97.44782
,,412,0.30607,98.10122
,,413,0.31786,98.42349
,,414,0.24939,98.57169
,,415,0.23246,98.31934
,,416,0.46168,97.66884
,,417,0.34088,97.16344
,,418,0.41202,96.90588
,,419,0.43251,96.8841
,,420,0.38435,96.9236
,,421,0.28866,97.02927
,,422,0.3209,97.15075
,,423,0.31632,97.26048
,,424,0.20053,97.5537
,,425,0.36261,97.97172
,,426,0.38876,98.36513
,,427,0.11502,98.71495
,,428,0.26964,98.70846
,,429,0.28223,98.65218
,,430,0.29492,98.32741
,,431,0.20847,97.94235
,,432,0.15349,97.55896
,,433,0.1708,97.18508
,,434,0.15159,97.1091
,,435,0.1362,97.0951
,,436,0.27227,97.24529
,,437,0.08526,97.11619
,,438,0.10811,97.08316
,,439,0.19889,97.00031
,,440,0.22049,96.76422
,,441,0.35375,96.55806
,,442,0.37406,96.35849
,,443,0.37593,96.18747
,,444,0.26904,96.17214
,,445,0.39179,96.25452
,,446,0.34086,96.52452
,,447,0.24383,96.77358
,,448,0.16076,97.2532
,,449,0.24293,97.52438
,,450,0.14031,97.67508
,,451,0.232,97.71601
,,452,0.10471,97.67792
,,453,0.14305,97.58552
,,454,0.20733,97.35146
,,455,0.05986,97.09431
,,456,0.2345,96.89558
,,457,0.1825,96.69662
,,458,0.19628,96.55208
,,459,0.20489,96.51434
,,460,0.19083,96.60603
,,461,0.17421,96.71678
,,462,0.22475,96.94277
,,463,0.26641,97.13506
,,464,0.27492,97.3392
,,465,0.30582,97.18219
,,466,0.39166,97.07527
,,467,0.37885,96.9024
,,468,0.4343,96.9602
,,469,0.40381,96.95921
,,470,0.33027,97.17537
,,471,0.28932,97.42021
,,472,0.22424,97.66489
,,473,0.14636,97.73171
,,474,0.13195,97.76896
,,475,0.14536,97.67445
,,476,0.17629,97.47236
,,477,0.21974,97.3531
,,478,0.27397,97.25915
,,479,0.31053,97.213
,,480,0.25568,97.27577
,,481,0.32465,97.42135
,,482,0.31215,97.83442
,,483,0.25135,98.17808
,,484,0.23949,98.45974
,,485,0.2048,98.63525
,,486,0.21671,98.68897
,,487,0.13873,98.5618
,,488,0.2526,98.41215
,,489,0.2356,98.24565
,,490,0.26841,98.09582
,,491,0.29442,97.92244
,,492,0.24237,97.79046
,,493,0.3075,97.61629
,,494,0.31702,97.53552
,,495,0.26681,97.46973
,,496,0.26766,97.50945
,,497,0.16147,97.60142
,,498,0.12019,97.74961
,,499,0.13617,97.93258
,,500,0.11875,97.96821
,,501,0.18783,97.90116
,,502,0.22876,97.75267
,,503,0.26618,97.56985
,,504,0.28684,97.52396
,,505,0.28986,97.52766
,,506,0.30814,97.61509
,,507,0.28655,97.7965
,,508,0.30698,98.00033
,,509,0.23538,98.06249
,,510,0.17413,98.14551
,,511,0.18978,98.20783
,,512,0.10571,98.24995
,,513,0.11526,98.33147
,,514,0.12896,98.41832
,,515,0.16679,98.49316
,,516,0.16236,98.60777
,,517,0.10871,98.55866
,,518,0.15072,98.48286
,,519,0.1913,98.2835
,,520,0.13144,98.17923
,,521,0.12345,98.20933
,,522,0.19118,98.33454
,,523,0.18634,98.53535
,,524,0.1464,98.83069
,,525,0.17632,99.00299
,,526,0.09731,99.17031
,,527,0.10862,99.23687
,,528,0.11328,99.19514
,,529,0.15158,99.22585
,,530,0.15139,99.2481
,,531,0.20514,99.21589
,,532,0.15273,99.23063
,,533,0.17506,99.21955
,,534,0.19044,99.18362
,,535,0.13824,99.20701
,,536,0.1236,99.07547
,,537,0.18,98.99556
,,538,0.09779,98.93136
,,539,0.09967,98.82151
,,540,0.09245,98.77751
,,541,0.06615,98.67349
,,542,0.11071,98.51765
,,543,0.11487,98.38358
,,544,0.11956,98.25295
,,545,0.13705,98.23775
,,546,0.13183,98.23086
,,547,0.12134,98.31321
,,548,0.1345,98.32555
,,549,0.14486,98.33939
,,550,0.11084,98.32709
,,551,0.15753,98.29403
,,552,0.19792,98.24734
,,553,0.12441,98.2449
,,554,0.15511,98.26147
,,555,0.13332,98.43425
,,556,0.11063,98.6315
,,557,0.05436,98.79059
,,558,0.12876,99.01335
,,559,0.10014,99.0886
,,560,0.07452,99.15948
,,561,0.1576,99.09348
,,562,0.18029,99.08849
,,563,0.22897,99.04022
,,564,0.30502,98.96758
,,565,0.31411,98.8985
,,566,0.37952,98.8314
,,567,0.39185,98.78181
,,568,0.43412,98.75582
,,569,0.44788,98.69585
,,570,0.40911,98.52224
,,571,0.45613,98.35501
,,572,0.47569,98.07519
,,573,0.45752,97.83798
,,574,0.48852,97.639
,,575,0.5218,97.47988
,,576,0.49583,97.31618
,,577,0.5139,97.2265
,,578,0.52937,97.09411
,,579,0.44622,97.03985
,,580,0.48369,96.99928
,,581,0.40958,96.97742
,,582,0.36493,96.95987
,,583,0.33902,96.93895
,,584,0.32392,96.99526
,,585,0.28169,97.143
,,586,0.26564,97.3747
,,587,0.21679,97.58116
,,588,0.18415,97.78232
,,589,0.23653,97.89109
,,590,0.18079,97.89084
,,591,0.22286,97.87556
,,592,0.18223,97.86946
,,593,0.1702,97.92637
,,594,0.19881,98.07361
,,595,0.13878,98.2687
,,596,0.13473,98.5216
,,597,0.10083,98.72239
,,598,0.10662,98.88636
,,599,0.0848,98.99833
,,600,0.12056,99.04313
,,601,0.09612,99.08306
,,602,0.09736,99.09346
,,603,0.08865,99.1291
,,604,0.12281,99.10824
,,605,0.10494,99.12703
,,606,0.11465,99.11852
,,607,0.12171,99.16005
,,608,0.13425,99.14115
,,609,0.12584,99.14375
,,610,0.13229,99.15006
,,611,0.12017,99.18832
,,612,0.13244,99.19669
,,613,0.11118,99.17705
,,614,0.12546,99.21657
,,615,0.12938,99.18797
,,616,0.11819,99.1968
,,617,0.13348,99.19335
,,618,0.12816,99.17999
,,619,0.16863,99.16864
,,620,0.14504,99.16567
,,621,0.16549,99.14126
,,622,0.17308,99.16615
,,623,0.1604,99.12265
,,624,0.18628,99.13071
,,625,0.23196,99.11984
,,626,0.23114,99.09527
,,627,0.24298,99.08079
,,628,0.21839,99.0493
,,629,0.2293,99.08392
,,630,0.21408,99.10801
,,631,0.2254,99.06447
,,632,0.20451,99.09285
,,633,0.20775,99.0612
,,634,0.22426,99.09917
,,635,0.23355,99.02614
,,636,0.22634,99.0188
,,637,0.21486,98.94771
,,638,0.28843,98.82334
,,639,0.30595,98.63748
,,640,0.33953,98.35566
,,641,0.41574,97.87708
,,642,0.46089,97.44333
,,643,0.43508,97.05856
,,644,0.44047,96.85216
,,645,0.45551,96.80233
,,646,0.40528,96.99927
,,647,0.33404,97.34561
,,648,0.26008,97.824
,,649,0.18097,98.31685
,,650,0.14213,98.69808
,,651,0.1061,98.93449
,,652,0.10322,99.06604
,,653,0.14827,99.0897
,,654,0.1401,99.12501
,,655,0.12388,99.07712
,,656,0.09739,99.10743
,,657,0.1263,99.1235
,,658,0.15713,99.14544
,,659,0.1338,99.14575
,,660,0.11413,99.17127
,,661,0.1,99.16458
,,662,0.08808,99.17704
,,663,0.07991,99.20372
,,664,0.08837,99.22893
,,665,0.13286,99.14935
,,666,0.15642,99.17394
,,667,0.18958,99.06789
,,668,0.22871,99.03576
,,669,0.29372,99.03765
,,670,0.30721,98.99785
,,671,0.2768,99.02209
,,672,0.29203,99.02509
,,673,0.32222,98.99158
,,674,0.31554,98.97653
,,675,0.34527,98.97905
,,676,0.31606,98.97246
,,677,0.33388,99.00384
,,678,0.28442,99.03004
,,679,0.27438,99.05269
,,680,0.28427,99.0048
,,681,0.30516,99.0574
,,682,0.33138,99.02099
,,683,0.35873,98.9675
,,684,0.35542,98.95168
,,685,0.3622,98.93168
,,686,0.3725,98.92231
,,687,0.39788,98.91314
,,688,0.34591,98.96374
,,689,0.31703,98.94148
,,690,0.36164,98.97489
,,691,0.28656,98.98846
,,692,0.28319,99.02021
,,693,0.20796,99.05055
,,694,0.22149,99.05683
,,695,0.1837,99.14509
,,696,0.16007,99.14276
,,697,0.1556,99.12018
,,698,0.21171,99.11694
,,699,0.15128,99.10472
,,700,0.14602,99.08223
,,701,0.19549,99.09317
,,702,0.16892,99.14189
,,703,0.2245,99.07324
,,704,0.21729,99.11748
,,705,0.19558,99.13818
,,706,0.16586,99.05513
,,707,0.11352,99.09694
,,708,0.15304,99.13642
,,709,0.13622,99.14396
,,710,0.1188,99.15172
,,711,0.13796,99.10157
,,712,0.18533,99.09235
,,713,0.17649,99.09255
,,714,0.20982,99.07677
,,715,0.22946,98.99478
,,716,0.23662,98.97214
,,717,0.29281,98.98763
,,718,0.32447,98.96534
,,719,0.29174,98.93486
,,720,0.32384,98.88735
,,721,0.28663,98.95728
,,722,0.30014,98.93954
,,723,0.25154,98.95933
,,724,0.24319,98.93139
,,725,0.26955,98.95913
,,726,0.31655,98.93563
,,727,0.33605,98.91228
,,728,0.27449,98.85569
,,729,0.25721,98.88726
,,730,0.25719,98.8868
,,731,0.28003,98.9092
,,732,0.26118,98.82369
,,733,0.32596,98.88828
,,734,0.29151,98.94466
,,735,0.22146,98.92255
,,736,0.18588,98.95849
,,737,0.17412,98.9966
,,738,0.14499,98.97193
,,739,0.15524,98.94151
,,740,0.18905,98.96006
,,741,0.21044,98.90462
,,742,0.2465,98.92449
,,743,0.17505,98.94265
,,744,0.24968,98.94189
,,745,0.21271,98.88243
,,746,0.26246,98.92474
,,747,0.22343,98.91377
,,748,0.21348,98.95188
,,749,0.17914,98.99862
,,750,0.17161,98.93747
,,751,0.10002,99.01871
,,752,0.08992,99.04716
,,753,0.09331,99.10445
,,754,0.1416,99.07521
,,755,0.06755,99.10367
,,756,0.04337,99.09141
,,757,0.12855,99.14315
,,758,0.11275,99.06327
,,759,0.09817,99.06986
,,760,0.08566,99.09508
,,761,0.07523,99.05641
,,762,0.07236,99.09511
,,763,0.06376,99.14313
,,764,0.10057,99.1005
,,765,0.08607,99.11881
,,766,0.06101,99.13355
,,767,0.09422,99.11828
,,768,0.06814,99.05644
,,769,0.07022,99.10306
,,770,0.11337,99.0587
,,771,0.12117,99.03353
,,772,0.15264,99.03588
,,773,0.21051,98.96048
,,774,0.23348,98.92077
,,775,0.2778,98.87687
,,776,0.3605,98.79302
,,777,0.40161,98.71269
,,778,0.46342,98.68606
,,779,0.54069,98.56027
,,780,0.58522,98.49857
,,781,0.74255,98.39661
,,782,0.86342,98.29215
,,783,0.99009,98.13127
,,784,1.21138,97.95979
,,785,1.48256,97.64811
,,786,1.90394,97.31599
,,787,2.54399,96.64756
,,788,3.52751,95.69337
,,789,4.96868,94.23752
,,790,6.82591,92.33824
,,791,9.29357,89.87997
,,792,12.28621,86.85657
,,793,15.53375,83.50579
,,794,19.08009,79.9646
,,795,22.88477,76.22372
,,796,26.54269,72.50156
,,797,30.15905,68.95698
,,798,33.71824,65.45711
,,799,36.97993,62.23391
,,800,40.2076,58.9808
,,801,42.99475,56.304
,,802,45.48247,53.82785
,,803,47.77096,51.54029
,,804,50.42821,48.9662
,,805,53.58083,45.8328
,,806,57.20493,42.16471
,,807,61.70082,37.77684
,,808,66.48431,32.95447
,,809,71.25892,28.19594
,,810,75.9535,23.52207
,,811,80.50413,18.96058
,,812,84.47284,15.04529
,,813,87.78507,11.68798
,,814,90.42016,9.03382
,,815,92.20795,7.35767
,,816,93.15576,6.41707
,,817,93.64197,5.97311
,,818,93.77746,5.74496
,,819,93.87045,5.72515
,,820,93.96195,5.67424
,,821,94.14872,5.45479
,,822,94.45168,5.18405
,,823,94.77322,4.80424
,,824,95.16827,4.49595
,,825,95.49339,4.12615
,,826,95.75894,3.82014
,,827,96.05346,3.59012
,,828,96.17898,3.40638
,,829,96.29037,3.32449
,,830,96.30476,3.30988
,,831,96.25042,3.37
,,832,96.19278,3.4434
,,833,96.07712,3.58241
,,834,95.93018,3.65653
,,835,95.83369,3.78411
,,836,95.80297,3.84558
,,837,95.75992,3.87885
,,838,95.74301,3.86884
,,839,95.76242,3.84201
,,840,95.83143,3.77256
,,841,95.90126,3.7218
,,842,95.98039,3.62053
,,843,96.06555,3.5523
,,844,96.16674,3.46832
,,845,96.2489,3.3684
,,846,96.36299,3.26785
,,847,96.48619,3.13396
,,848,96.63427,2.97623
,,849,96.80898,2.81982
,,850,96.98152,2.64655
,,851,97.16239,2.44506
,,852,97.313,2.29287
,,853,97.42412,2.20172
,,854,97.50447,2.11844
,,855,97.52545,2.09394
,,856,97.49496,2.10908
,,857,97.43457,2.18436
,,858,97.34597,2.24448
,,859,97.26009,2.34528
,,860,97.18768,2.42201
,,861,97.12537,2.47195
,,862,97.10577,2.50954
,,863,97.1049,2.50823
,,864,97.141,2.47265
,,865,97.20604,2.41697
,,866,97.26832,2.36024
,,867,97.34811,2.2577
,,868,97.4399,2.20388
,,869,97.47462,2.12311
,,870,97.54077,2.0795
,,871,97.56388,2.02048
,,872,97.59864,2.00517
,,873,97.62487,1.98118
,,874,97.65885,1.92862
,,875,97.70326,1.90295
,,876,97.73329,1.86518
,,877,97.79362,1.81817
,,878,97.84091,1.75558
,,879,97.9013,1.70494
,,880,97.95184,1.64918
,,881,97.98407,1.6138
,,882,98.02539,1.57922
,,883,98.05786,1.55368
,,884,98.07575,1.53448
,,885,98.07919,1.5245
,,886,98.07669,1.52789
,,887,98.081,1.52363
,,888,98.09071,1.51656
,,889,98.10047,1.51028
,,890,98.11119,1.4987
,,891,98.13127,1.46796
,,892,98.16037,1.45264
,,893,98.19439,1.43549
,,894,98.21485,1.40496
,,895,98.23059,1.3878
,,896,98.23602,1.38607
,,897,98.23412,1.3797
,,898,98.21899,1.3954
,,899,98.20548,1.40946
,,900,98.19537,1.4261
,,901,98.16796,1.45452
,,902,98.14342,1.47267
,,903,98.13049,1.49114
,,904,98.11029,1.50637
,,905,98.10142,1.51687
,,906,98.09294,1.52479
,,907,98.09129,1.53149
,,908,98.08333,1.55097
,,909,98.05189,1.57019
,,910,98.02506,1.59416
,,911,97.98349,1.63911
,,912,97.92749,1.69272
,,913,97.86083,1.75986
,,914,97.79463,1.83243
,,915,97.71714,1.91069
,,916,97.63332,1.98775
,,917,97.57467,2.05169
,,918,97.51205,2.10232
,,919,97.48531,2.13648
,,920,97.47179,2.14833
,,921,97.48973,2.13571
,,922,97.53046,2.09334
,,923,97.58577,2.03614
,,924,97.67168,1.95578
,,925,97.75945,1.86494
,,926,97.86665,1.76868
,,927,97.95995,1.66855
,,928,98.05148,1.57545
,,929,98.13554,1.49366
,,930,98.21448,1.42412
,,931,98.26048,1.36929
,,932,98.30671,1.33012
,,933,98.32676,1.30164
,,934,98.34812,1.28663
,,935,98.35239,1.27924
,,936,98.3612,1.27476
,,937,98.34832,1.27568
,,938,98.33787,1.27634
,,939,98.33826,1.27834
,,940,98.33592,1.28059
,,941,98.32259,1.28868
,,942,98.30973,1.30147
,,943,98.2873,1.31817
,,944,98.26448,1.3465
,,945,98.22811,1.38942
,,946,98.16895,1.44373
,,947,98.09587,1.51141
,,948,98.03286,1.58618
,,949,97.9502,1.67241
,,950,97.86185,1.76217
,,951,97.77629,1.85084
,,952,97.69003,1.93561
,,953,97.62293,2.01179
,,954,97.55799,2.07151
,,955,97.52963,2.11351
,,956,97.50201,2.1352
,,957,97.50591,2.13248
,,958,97.53303,2.11223
,,959,97.56596,2.07161
,,960,97.62652,2.01318
,,961,97.69315,1.94964
,,962,97.77165,1.87532
,,963,97.84208,1.80363
,,964,97.92061,1.73124
,,965,97.98783,1.66878
,,966,98.04375,1.61225
,,967,98.08493,1.56974
,,968,98.11975,1.53787
,,969,98.1357,1.5195
,,970,98.15305,1.50912
,,971,98.15371,1.50308
,,972,98.15895,1.50096
,,973,98.16145,1.50146
,,974,98.16,1.4952
,,975,98.18456,1.48792
,,976,98.18664,1.47331
,,977,98.21434,1.45331
,,978,98.23475,1.42808
,,979,98.2686,1.39949
,,980,98.30433,1.36874
,,981,98.32909,1.33917
,,982,98.36106,1.31336
,,983,98.38451,1.29347
,,984,98.39201,1.28078
,,985,98.39811,1.27729
,,986,98.39022,1.28418
,,987,98.38127,1.30093
,,988,98.34668,1.32537
,,989,98.31843,1.35551
,,990,98.28346,1.3924
,,991,98.24454,1.43099
,,992,98.21552,1.46694
,,993,98.17687,1.50019
,,994,98.15744,1.52768
,,995,98.12775,1.54757
,,996,98.1202,1.56102
,,997,98.12054,1.56688
,,998,98.12106,1.5664
,,999,98.12166,1.56173
,,1000,98.12754,1.55367
,,1001,98.14037,1.54501
,,1002,98.1512,1.5386
,,1003,98.15184,1.5348
,,1004,98.14746,1.53686
,,1005,98.14207,1.54517
,,1006,98.12576,1.56159
,,1007,98.10577,1.58352
,,1008,98.08219,1.60928
,,1009,98.05212,1.63893
,,1010,98.02414,1.66942
,,1011,97.99667,1.69719
,,1012,97.96402,1.72186
,,1013,97.95382,1.7381
,,1014,97.94466,1.74709
,,1015,97.9455,1.74369
,,1016,97.96986,1.72909
,,1017,97.99004,1.7041
,,1018,98.02327,1.66949
,,1019,98.0707,1.62442
,,1020,98.1212,1.57428
,,1021,98.17055,1.52074
,,1022,98.22822,1.46508
,,1023,98.28294,1.41061
,,1024,98.33691,1.36689
,,1025,98.3742,1.3265
,,1026,98.41162,1.29462
,,1027,98.42268,1.27518
,,1028,98.43582,1.26451
,,1029,98.44273,1.26446
,,1030,98.43484,1.27316
,,1031,98.42134,1.28859
,,1032,98.39874,1.30611
,,1033,98.38002,1.32691
,,1034,98.36535,1.34721
,,1035,98.34247,1.36303
,,1036,98.33484,1.37392
,,1037,98.33569,1.37243
,,1038,98.34206,1.36714
,,1039,98.35616,1.34975
,,1040,98.37695,1.32809
,,1041,98.41267,1.29885
,,1042,98.4476,1.26428
,,1043,98.4794,1.22983
,,1044,98.5187,1.19551
,,1045,98.54967,1.16534
,,1046,98.56685,1.14301
,,1047,98.58113,1.12904
,,1048,98.57493,1.12763
,,1049,98.57841,1.13514
,,1050,98.634,1.2499
,,1051,98.58742,1.28042
,,1052,98.56492,1.3148
,,1053,98.52027,1.3574
,,1054,98.47701,1.3961
,,1055,98.4389,1.4405
,,1056,98.39161,1.48299
,,1057,98.35688,1.52212
,,1058,98.32548,1.55874
,,1059,98.29669,1.58712
,,1060,98.27323,1.59804
,,1061,98.26131,1.61348
,,1062,98.25625,1.61039
,,1063,98.27748,1.60206
,,1064,98.29202,1.58141
,,1065,98.30551,1.55668
,,1066,98.3472,1.52547
,,1067,98.38212,1.4851
,,1068,98.42385,1.45307
,,1069,98.44904,1.42647
,,1070,98.47965,1.38734
,,1071,98.49932,1.37603
,,1072,98.52042,1.35974
,,1073,98.51581,1.35433
,,1074,98.50437,1.35569
,,1075,98.48973,1.36969
,,1076,98.48014,1.39578
,,1077,98.43913,1.43345
,,1078,98.40006,1.47457
,,1079,98.34398,1.53261
,,1080,98.28953,1.57791
,,1081,98.23928,1.62917
,,1082,98.18012,1.67437
,,1083,98.16885,1.73165
,,1084,98.10032,1.76873
,,1085,98.0744,1.79674
,,1086,98.03989,1.81873
,,1087,98.07251,1.82108
,,1088,98.01144,1.82364
,,1089,98.10318,1.81134
,,1090,98.0579,1.79366
,,1091,98.15315,1.7611
,,1092,98.16795,1.72398
,,1093,98.19273,1.68267
,,1094,98.23334,1.63561
,,1095,98.298,1.59495
,,1096,98.29931,1.5531
,,1097,98.36434,1.5073
,,1098,98.38028,1.47145
,,1099,98.42383,1.45596
,,1100,98.42894,1.43784
,,1101,98.43345,1.42645
,,1102,98.44581,1.42555
,,1103,98.41137,1.44181
,,1104,98.41808,1.46106
,,1105,98.38021,1.48483
,,1106,98.37964,1.51654
,,1107,98.29941,1.54717
,,1108,98.2863,1.58699
,,1109,98.26035,1.6209
,,1110,98.22509,1.65204
,,1111,98.17241,1.68474
,,1112,98.17148,1.70799
,,1113,98.15041,1.73377
,,1114,98.14405,1.7333
,,1115,98.12446,1.74261
,,1116,98.13475,1.73947
,,1117,98.15582,1.72817
,,1118,98.16307,1.71679
,,1119,98.17682,1.69582
,,1120,98.20711,1.67548
,,1121,98.23143,1.64775
,,1122,98.27127,1.61596
,,1123,98.22845,1.58826
,,1124,98.33018,1.56844
,,1125,98.30671,1.54489
,,1126,98.32768,1.52884
,,1127,98.40863,1.51096
,,1128,98.31047,1.50485
,,1129,98.37396,1.50147
,,1130,98.37099,1.50261
,,1131,98.36718,1.50511
,,1132,98.34909,1.51292
,,1133,98.33836,1.52243
,,1134,98.3447,1.53821
,,1135,98.29181,1.55058
,,1136,98.33308,1.56454
,,1137,98.27361,1.57848
,,1138,98.27691,1.58985
,,1139,98.31031,1.60047
,,1140,98.22272,1.60525
,,1141,98.25567,1.61589
,,1142,98.29018,1.62029
,,1143,98.21131,1.6231
,,1144,98.25273,1.62091
,,1145,98.26359,1.61212
,,1146,98.27321,1.61484
,,1147,98.23603,1.61357
,,1148,98.27828,1.6183
,,1149,98.27659,1.61809
,,1150,98.24516,1.61682
,,1151,98.26023,1.62116
,,1152,98.24236,1.63076
,,1153,98.20358,1.64383
,,1154,98.26004,1.64626
,,1155,98.20618,1.67102
,,1156,98.15949,1.6875
,,1157,98.20236,1.70185
,,1158,98.16257,1.72836
,,1159,98.09993,1.74698
,,1160,98.12962,1.77055
,,1161,98.10464,1.78774
,,1162,98.07848,1.80755
,,1163,98.06825,1.82168
,,1164,98.02148,1.83555
,,1165,98.05461,1.83787
,,1166,98.03194,1.84625
,,1167,98.02845,1.84475
,,1168,98.0131,1.84347
,,1169,98.087,1.83368
,,1170,98.06038,1.82067
,,1171,98.07151,1.80673
,,1172,98.10147,1.78854
,,1173,98.07652,1.7757
,,1174,98.1424,1.7486
,,1175,98.15178,1.72974
,,1176,98.17192,1.71535
,,1177,98.19836,1.6918
,,1178,98.24953,1.67676
,,1179,98.16418,1.65699
,,1180,98.22591,1.63943
,,1181,98.24194,1.63596
,,1182,98.26013,1.62598
,,1183,98.29152,1.61197
,,1184,98.22777,1.60666
,,1185,98.26122,1.60895
,,1186,98.2673,1.59983
,,1187,98.27473,1.59133
,,1188,98.27042,1.59209
,,1189,98.2781,1.59443
,,1190,98.27583,1.58416
,,1191,98.28757,1.58281
,,1192,98.2929,1.57287
,,1193,98.30169,1.56567
,,1194,98.31647,1.55349
,,1195,98.32957,1.53966
,,1196,98.34071,1.52912
,,1197,98.37564,1.50533
,,1198,98.37548,1.48283
,,1199,98.40726,1.469
,,1200,98.29385,1.45328
,,1201,98.36994,1.41992
,,1202,98.46722,1.40196
,,1203,98.43966,1.39065
,,1204,98.39078,1.37617
,,1205,98.43818,1.36425
,,1206,98.41631,1.34844
,,1207,98.46333,1.34939
,,1208,98.44144,1.35748
,,1209,98.44771,1.35875
,,1210,98.44047,1.37242
,,1211,98.42495,1.3788
,,1212,98.41158,1.39919
,,1213,98.41541,1.42028
,,1214,98.33533,1.44872
,,1215,98.28756,1.47109
,,1216,98.29821,1.49597
,,1217,98.27712,1.53135
,,1218,98.24697,1.56121
,,1219,98.21964,1.58848
,,1220,98.22582,1.61187
,,1221,98.15395,1.63955
,,1222,98.07346,1.66864
,,1223,98.05198,1.68349
,,1224,98.09202,1.69385
,,1225,98.08457,1.70601
,,1226,98.11223,1.71639
,,1227,98.07878,1.72053
,,1228,98.11771,1.71886
,,1229,98.08065,1.70672
,,1230,97.98824,1.69916
,,1231,98.08223,1.68542
,,1232,98.12885,1.67033
,,1233,98.12176,1.65369
,,1234,98.15345,1.63542
,,1235,98.15776,1.60709
,,1236,98.1552,1.58063
,,1237,98.18743,1.55838
,,1238,98.18076,1.53861
,,1239,98.21833,1.51032
,,1240,98.2533,1.48677
,,1241,98.27262,1.47182
,,1242,98.26435,1.44772
,,1243,98.30156,1.42137
,,1244,98.32708,1.41204
,,1245,98.31857,1.38918
,,1246,98.35188,1.37184
,,1247,98.34996,1.36248
,,1248,98.35901,1.35086
,,1249,98.38811,1.34328
,,1250,98.36235,1.33028
,,1251,98.3831,1.33081
,,1252,98.41512,1.3359
,,1253,98.41982,1.33681
,,1254,98.43923,1.3386
,,1255,98.39912,1.34511
,,1256,98.40386,1.3629
,,1257,98.38659,1.37176
,,1258,98.37001,1.38732
,,1259,98.35948,1.41088
,,1260,98.33706,1.43136
,,1261,98.21878,1.46498
,,1262,98.16357,1.50245
,,1263,98.22779,1.53637
,,1264,98.19745,1.58376
,,1265,98.13807,1.63568
,,1266,98.08133,1.69222
,,1267,98.02522,1.7495
,,1268,98.01689,1.8184
,,1269,97.89168,1.88906
,,1270,97.88475,1.96368
,,1271,97.72997,2.04426
,,1272,97.65683,2.12997
,,1273,97.55767,2.22207
,,1274,97.43103,2.31457
,,1275,97.34291,2.42205
,,1276,97.24614,2.53127
,,1277,97.13227,2.64067
,,1278,97.02385,2.76312
,,1279,96.8934,2.88862
,,1280,96.75977,3.01471
,,1281,96.62178,3.15195
,,1282,96.47998,3.29769
,,1283,96.32476,3.44502
,,1284,96.17984,3.59312
,,1285,96.01115,3.75518
,,1286,95.8454,3.91904
,,1287,95.68101,4.08428
,,1288,95.51515,4.26102
,,1289,95.33478,4.43019
,,1290,95.16129,4.60641
,,1291,94.9782,4.77604
,,1292,94.80667,4.95268
,,1293,94.62927,5.13121
,,1294,94.43776,5.3089
,,1295,94.26369,5.48904
,,1296,94.07996,5.6736
,,1297,93.88114,5.85932
,,1298,93.68511,6.05106
,,1299,93.4664,6.26665
,,1300,93.24268,6.49651
,,1301,92.96701,6.7588
,,1302,92.69019,7.04429
,,1303,92.34628,7.38232
,,1304,91.94033,7.78205
,,1305,91.49894,8.22104
,,1306,90.94305,8.77094
,,1307,90.29561,9.41503
,,1308,89.57307,10.13049
,,1309,88.72552,10.98007
,,1310,87.74603,11.96356
,,1311,86.6557,13.05391
,,1312,85.4287,14.28741
,,1313,84.12263,15.69956
,,1314,82.51491,17.2035
,,1315,80.87615,18.83686
,,1316,79.06287,20.6742
,,1317,77.13281,22.58642
,,1318,75.10358,24.62309
,,1319,72.91212,26.81023
,,1320,70.5907,29.14692
,,1321,68.29351,31.44967
,,1322,65.81891,33.91396
,,1323,63.27456,36.45937
,,1324,60.811,38.93339
,,1325,58.16463,41.57874
,,1326,55.51244,44.23684
,,1327,53.00397,46.74561
,,1328,50.43618,49.30603
,,1329,47.88596,51.86114
,,1330,45.45529,54.27845
,,1331,43.05539,56.68664
,,1332,40.64895,59.07578
,,1333,38.43585,61.28156
,,1334,36.31829,63.39944
,,1335,34.23278,65.47178
,,1336,32.28936,67.39537
,,1337,30.46219,69.22067
,,1338,28.68578,70.98983
,,1339,27.02251,72.63066
,,1340,25.49986,74.13054
,,1341,24.04408,75.58808
,,1342,22.66504,76.94442
,,1343,21.42913,78.18199
,,1344,20.21229,79.38725
,,1345,19.08576,80.51833
,,1346,18.07804,81.48532
,,1347,17.11126,82.43433
,,1348,16.20561,83.34215
,,1349,15.40172,84.14432
,,1350,14.63514,84.90785
,,1351,13.90292,85.63305
,,1352,13.24395,86.27932
,,1353,12.6324,86.88409
,,1354,12.04257,87.45183
,,1355,11.52713,87.98972
,,1356,11.03062,88.45088
,,1357,10.55752,88.9299
,,1358,10.1323,89.3474
,,1359,9.74583,89.74632
,,1360,9.37316,90.0917
,,1361,9.02848,90.43056
,,1362,8.71714,90.7224
,,1363,8.42434,91.01674
,,1364,8.14488,91.2615
,,1365,7.91811,91.49797
,,1366,7.69174,91.71135
,,1367,7.50916,91.91137
,,1368,7.3286,92.06369
,,1369,7.17985,92.2041
,,1370,7.03882,92.33645
,,1371,6.92426,92.4533
,,1372,6.81769,92.52865
,,1373,6.72908,92.60781
,,1374,6.67091,92.66353
,,1375,6.62279,92.72492
,,1376,6.58237,92.74499
,,1377,6.56733,92.76692
,,1378,6.55494,92.74821
,,1379,6.56551,92.74988
,,1380,6.58992,92.69696
,,1381,6.63365,92.65095
,,1382,6.69865,92.56135
,,1383,6.77106,92.47206
,,1384,6.86559,92.39087
,,1385,6.95951,92.27434
,,1386,7.06953,92.16016
,,1387,7.18753,92.05676
,,1388,7.30621,91.93715
,,1389,7.43101,91.81127
,,1390,7.54701,91.70278
,,1391,7.67755,91.58414
,,1392,7.79704,91.45999
,,1393,7.91297,91.35027
,,1394,8.00921,91.26734
,,1395,8.1021,91.16185
,,1396,8.16813,91.09876
,,1397,8.22856,91.08897
,,1398,8.24906,91.0655
,,1399,8.2527,91.05216
,,1400,8.23372,91.10226
,,1401,8.1797,91.1307
,,1402,8.10702,91.21184
,,1403,8.0248,91.31993
,,1404,7.89929,91.46681
,,1405,7.75041,91.56046
,,1406,7.59257,91.77671
,,1407,7.39612,91.97355
,,1408,7.18745,92.15392
,,1409,6.97528,92.38121
,,1410,6.74054,92.63784
,,1411,6.49608,92.85795
,,1412,6.24395,93.08602
,,1413,5.98877,93.35475
,,1414,5.72382,93.6397
,,1415,5.44941,93.83963
,,1416,5.19492,94.14094
,,1417,4.92787,94.44528
,,1418,4.66317,94.62085
,,1419,4.41282,94.88943
,,1420,4.17118,95.14426
,,1421,3.92131,95.37679
,,1422,3.70843,95.72624
,,1423,3.48157,95.73711
,,1424,3.27775,96.0274
,,1425,3.08806,96.22215
,,1426,2.89676,96.41739
,,1427,2.71604,96.59749
,,1428,2.54935,96.75651
,,1429,2.38673,96.91774
,,1430,2.2335,97.06169
,,1431,2.09986,97.19894
,,1432,1.97385,97.33592
,,1433,1.84871,97.44832
,,1434,1.7441,97.55501
,,1435,1.65031,97.64934
,,1436,1.5665,97.72829
,,1437,1.48346,97.80624
,,1438,1.41513,97.87454
,,1439,1.35839,97.94429
,,1440,1.30321,97.99976
,,1441,1.26087,98.03693
,,1442,1.21777,98.08065
,,1443,1.18351,98.10693
,,1444,1.14907,98.15246
,,1445,1.1284,98.16026
,,1446,1.10028,98.18575
,,1447,1.08427,98.19849
,,1448,1.06711,98.21719
,,1449,1.05922,98.22777
,,1450,1.05509,98.22926
,,1451,1.04662,98.23012
,,1452,1.04769,98.24198
,,1453,1.04703,98.23303
,,1454,1.04552,98.226
,,1455,1.05863,98.2028
,,1456,1.06587,98.21273
,,1457,1.07682,98.19395
,,1458,1.10157,98.20792
,,1459,1.11994,98.16484
,,1460,1.14262,98.0992
,,1461,1.17009,98.09559
,,1462,1.2026,98.06694
,,1463,1.23604,98.05124
,,1464,1.27858,97.99614
,,1465,1.33164,97.94861
,,1466,1.37533,97.90421
,,1467,1.4353,97.83321
,,1468,1.50539,97.62948
,,1469,1.57056,97.69419
,,1470,1.66225,97.60598
,,1471,1.7558,97.51322
,,1472,1.85439,97.40895
,,1473,1.96927,97.28707
,,1474,2.09507,97.15441
,,1475,2.24295,97.01025
,,1476,2.39929,96.84038
,,1477,2.58806,96.6607
,,1478,2.79702,96.55925
,,1479,3.03039,96.21191
,,1480,3.29397,95.94133
,,1481,3.58922,95.64207
,,1482,3.92245,95.31603
,,1483,4.30803,94.92327
,,1484,4.74383,94.48263
,,1485,5.21782,94.01405
,,1486,5.7587,93.46471
,,1487,6.38783,92.83524
,,1488,7.05711,92.16657
,,1489,7.83979,91.3756
,,1490,8.70212,90.51162
,,1491,9.62209,89.59068
,,1492,10.64045,88.57345
,,1493,11.7628,87.46146
,,1494,12.95433,86.25501
,,1495,14.22588,84.9768
,,1496,15.62948,83.57989
,,1497,17.08524,82.12962
,,1498,18.55554,80.68063
,,1499,20.12673,79.08418
,,1500,21.75929,77.47139
,,1501,23.39434,75.84709
,,1502,25.09982,74.15731
,,1503,26.85923,72.4477
,,1504,28.5075,70.77352
,,1505,30.22355,69.07976
,,1506,31.93883,67.39242
,,1507,33.54093,65.82887
,,1508,35.16573,64.23817
,,1509,36.73747,62.67768
,,1510,38.13243,61.28485
,,1511,39.49645,59.95823
,,1512,40.76004,58.71031
,,1513,41.88614,57.67254
,,1514,42.84057,56.68654
,,1515,43.71296,55.8375
,,1516,44.4207,55.15699
,,1517,44.95847,54.6403
,,1518,45.3643,54.26387
,,1519,45.63591,54.0814
,,1520,45.65909,53.92754
,,1521,45.63125,54.01707
,,1522,45.44626,54.21217
,,1523,45.13739,54.53724
,,1524,44.71785,55.00229
,,1525,44.07571,55.55564
,,1526,43.41574,56.26197
,,1527,42.57753,57.0865
,,1528,41.59513,58.06962
,,1529,40.55662,59.08669
,,1530,39.35371,60.26571
,,1531,38.04957,61.58525
,,1532,36.67761,62.94281
,,1533,35.2205,64.34958
,,1534,33.64789,65.91534
,,1535,32.08107,67.48476
,,1536,30.49726,69.01227
,,1537,28.86276,70.66159
,,1538,27.21189,72.27849
,,1539,25.61063,73.8888
,,1540,23.93689,75.46008
,,1541,22.30923,77.11777
,,1542,20.75664,78.66755
,,1543,19.19836,80.2084
,,1544,17.67105,81.6524
,,1545,16.28611,83.06978
,,1546,14.87581,84.48542
,,1547,13.55215,85.74661
,,1548,12.39132,86.90967
,,1549,11.30187,88.03253
,,1550,10.30451,88.97901
,,1551,9.44136,89.8334
,,1552,8.65988,90.5589
,,1553,7.96722,91.28601
,,1554,7.38412,91.85821
,,1555,6.88777,92.38091
,,1556,6.44187,92.77141
,,1557,6.06305,93.17035
,,1558,5.73041,93.49386
,,1559,5.43375,93.78246
,,1560,5.19061,94.04783
,,1561,4.97889,94.22982
,,1562,4.7888,94.40301
,,1563,4.62306,94.59551
,,1564,4.49372,94.69745
,,1565,4.37791,94.8152
,,1566,4.27404,94.92588
,,1567,4.19693,95.02094
,,1568,4.13825,95.03158
,,1569,4.09367,95.09013
,,1570,4.05633,95.14918
,,1571,4.03401,95.14727
,,1572,4.03415,95.11427
,,1573,4.04838,95.12947
,,1574,4.08153,95.13329
,,1575,4.12163,95.05757
,,1576,4.17734,94.97209
,,1577,4.24502,94.9411
,,1578,4.34768,94.87433
,,1579,4.45114,94.72859
,,1580,4.57081,94.55111
,,1581,4.72787,94.44058
,,1582,4.9112,94.3085
,,1583,5.09364,94.05281
,,1584,5.33218,93.82618
,,1585,5.60535,93.57135
,,1586,5.89166,93.29255
,,1587,6.23139,92.92439
,,1588,6.60872,92.50416
,,1589,7.05252,92.13035
,,1590,7.53923,91.6257
,,1591,8.10533,91.02351
,,1592,8.71391,90.45778
,,1593,9.39185,89.77372
,,1594,10.14417,88.96739
,,1595,10.96538,88.19437
,,1596,11.84545,87.31939
,,1597,12.81981,86.30943
,,1598,13.8175,85.28704
,,1599,14.85003,84.35118
,,1600,15.93138,83.23407
,,1601,17.02677,82.08409
,,1602,18.07038,81.08478
,,1603,19.15932,80.07577
,,1604,20.20983,78.95764
,,1605,21.13358,78.02913
,,1606,22.08114,77.17133
,,1607,22.92495,76.32726
,,1608,23.66914,75.63499
,,1609,24.34607,74.85295
,,1610,24.97227,74.32242
,,1611,25.51442,73.87858
,,1612,25.90626,73.41192
,,1613,26.28267,73.08661
,,1614,26.56992,72.82844
,,1615,26.80856,72.62993
,,1616,26.97694,72.44781
,,1617,27.13282,72.31119
,,1618,27.25897,72.2219
,,1619,27.34573,72.12941
,,1620,27.39684,72.0695
,,1621,27.40881,72.06536
,,1622,27.38575,72.11855
,,1623,27.25372,72.19593
,,1624,27.03903,72.39991
,,1625,26.73246,72.73995
,,1626,26.3227,73.1391
,,1627,25.80202,73.56472
,,1628,25.22046,74.17142
,,1629,24.56508,74.86307
,,1630,23.8906,75.43251
,,1631,23.19038,76.12383
,,1632,22.49032,76.82173
,,1633,21.83132,77.53668
,,1634,21.16256,78.07814
,,1635,20.50859,78.76126
,,1636,19.86076,79.42674
,,1637,19.22818,80.00686
,,1638,18.53317,80.70894
,,1639,17.79728,81.45114
,,1640,17.03811,82.20199
,,1641,16.18243,83.0475
,,1642,15.27541,83.95307
,,1643,14.39123,84.84029
,,1644,13.44743,85.77437
,,1645,12.52578,86.68734
,,1646,11.66711,87.53144
,,1647,10.84506,88.3577
,,1648,10.08821,89.12018
,,1649,9.43606,89.76479
,,1650,8.85136,90.31491
,,1651,8.35061,90.87596
,,1652,7.92076,91.27245
,,1653,7.52957,91.68243
,,1654,7.19364,91.9697
,,1655,6.88529,92.28678
,,1656,6.60873,92.59304
,,1657,6.33976,92.85351
,,1658,6.1008,93.07247
,,1659,5.86196,93.27054
,,1660,5.62928,93.52186
,,1661,5.41366,93.7628
,,1662,5.21199,93.96303
,,1663,5.00398,94.10921
,,1664,4.80656,94.34224
,,1665,4.61082,94.53228
,,1666,4.42791,94.73332
,,1667,4.23269,94.8982
,,1668,4.05873,95.0749
,,1669,3.88134,95.26166
,,1670,3.71016,95.4129
,,1671,3.54603,95.57265
,,1672,3.3815,95.74738
,,1673,3.22512,95.90238
,,1674,3.07606,96.03937
,,1675,2.92781,96.17886
,,1676,2.78116,96.34997
,,1677,2.64761,96.45582
,,1678,2.5126,96.59724
,,1679,2.38336,96.72591
,,1680,2.26424,96.87034
,,1681,2.14227,96.94967
,,1682,2.03516,97.08611
,,1683,1.92561,97.1966
,,1684,1.83193,97.2855
,,1685,1.73998,97.39054
,,1686,1.64647,97.48142
,,1687,1.5651,97.54223
,,1688,1.4851,97.65031
,,1689,1.40864,97.70603
,,1690,1.34763,97.76189
,,1691,1.28279,97.84625
,,1692,1.21811,97.899
,,1693,1.16555,97.95273
,,1694,1.118,98.0141
,,1695,1.06513,98.04474
,,1696,1.02905,98.083
,,1697,0.99183,98.14344
,,1698,0.94878,98.18799
,,1699,0.92283,98.19822
,,1700,0.88798,98.23174
,,1701,0.85575,98.24256
,,1702,0.8383,98.32048
,,1703,0.81085,98.32324
,,1704,0.78633,98.35209
,,1705,0.7654,98.34285
,,1706,0.75018,98.35889
,,1707,0.73639,98.39407
,,1708,0.72304,98.3991
,,1709,0.70456,98.43168
,,1710,0.69631,98.40777
,,1711,0.68255,98.44302
,,1712,0.67235,98.47292
,,1713,0.66356,98.47578
,,1714,0.65772,98.45829
,,1715,0.64722,98.48039
,,1716,0.64031,98.48536
,,1717,0.63636,98.49358
,,1718,0.63097,98.4857
,,1719,0.62643,98.49729
,,1720,0.6286,98.50523
,,1721,0.62369,98.50611
,,1722,0.62035,98.50826
,,1723,0.6255,98.50562
,,1724,0.61725,98.50873
,,1725,0.62428,98.51157
,,1726,0.62403,98.49849
,,1727,0.62222,98.51959
,,1728,0.62473,98.50066
,,1729,0.63388,98.50448
,,1730,0.63766,98.50925
,,1731,0.63625,98.46769
,,1732,0.64264,98.49498
,,1733,0.65283,98.51202
,,1734,0.6589,98.48889
,,1735,0.66665,98.42576
,,1736,0.67627,98.44113
,,1737,0.68588,98.49511
,,1738,0.69075,98.406
,,1739,0.7078,98.42713
,,1740,0.71698,98.42091
,,1741,0.73004,98.41254
,,1742,0.74462,98.38635
,,1743,0.75901,98.37219
,,1744,0.77979,98.38135
,,1745,0.79382,98.32983
,,1746,0.81375,98.33045
,,1747,0.82655,98.31934
,,1748,0.8555,98.28238
,,1749,0.87517,98.28342
,,1750,0.89642,98.23268
,,1751,0.92167,98.21967
,,1752,0.94654,98.21978
,,1753,0.97506,98.13441
,,1754,1.00515,98.13163
,,1755,1.03564,98.13617
,,1756,1.06588,98.09197
,,1757,1.09333,97.99978
,,1758,1.13079,97.97442
,,1759,1.16656,98.00549
,,1760,1.21661,97.98969
,,1761,1.25199,97.85959
,,1762,1.29326,97.84413
,,1763,1.34176,97.83292
,,1764,1.39427,97.72594
,,1765,1.44677,97.70142
,,1766,1.49286,97.64986
,,1767,1.55444,97.59346
,,1768,1.61554,97.53061
,,1769,1.67891,97.46792
,,1770,1.73959,97.40897
,,1771,1.81124,97.33729
,,1772,1.87835,97.26417
,,1773,1.95801,97.19115
,,1774,2.03954,97.12853
,,1775,2.11857,97.01076
,,1776,2.20313,96.93451
,,1777,2.29511,96.89904
,,1778,2.39078,96.72683
,,1779,2.49218,96.6438
,,1780,2.59537,96.58894
,,1781,2.707,96.48167
,,1782,2.82103,96.31734
,,1783,2.94101,96.19782
,,1784,3.07166,96.10041
,,1785,3.18907,96.00562
,,1786,3.32954,95.80085
,,1787,3.4749,95.6825
,,1788,3.61976,95.53434
,,1789,3.77741,95.39365
,,1790,3.93662,95.21252
,,1791,4.09804,95.05802
,,1792,4.27288,94.89053
,,1793,4.46091,94.70172
,,1794,4.6609,94.51243
,,1795,4.84728,94.30598
,,1796,5.05773,94.0913
,,1797,5.27865,93.9103
,,1798,5.5034,93.65668
,,1799,5.74597,93.44344
,,1800,5.99918,93.13208
,,1801,6.26414,92.92707
,,1802,6.53998,92.60268
,,1803,6.82664,92.35709
,,1804,7.12833,92.05782
,,1805,7.44953,91.71934
,,1806,7.8005,91.38971
,,1807,8.13276,91.05968
,,1808,8.49984,90.68007
,,1809,8.89166,90.30072
,,1810,9.29365,89.8973
,,1811,9.71034,89.47382
,,1812,10.1635,89.02687
,,1813,10.63556,88.5613
,,1814,11.12513,88.06995
,,1815,11.67506,87.51695
,,1816,12.22644,86.96644
,,1817,12.80668,86.39938
,,1818,13.44374,85.77802
,,1819,14.09455,85.10404
,,1820,14.75475,84.40961
,,1821,15.46474,83.74534
,,1822,16.21642,82.98567
,,1823,16.9554,82.25599
,,1824,17.77133,81.43676
,,1825,18.60436,80.61048
,,1826,19.41434,79.79396
,,1827,20.26556,78.97518
,,1828,21.1492,78.07027
,,1829,22.02872,77.20033
,,1830,22.93946,76.31361
,,1831,23.86301,75.39053
,,1832,24.7853,74.48738
,,1833,25.73439,73.53597
,,1834,26.73937,72.55232
,,1835,27.72623,71.56912
,,1836,28.67923,70.63502
,,1837,29.60515,69.71978
,,1838,30.52161,68.81422
,,1839,31.39838,67.95371
,,1840,32.26413,67.1032
,,1841,33.11048,66.26043
,,1842,33.87966,65.52739
,,1843,34.62293,64.79112
,,1844,35.3202,64.11194
,,1845,35.92971,63.53242
,,1846,36.48438,62.98787
,,1847,36.99949,62.50019
,,1848,37.43981,62.067
,,1849,37.84513,61.68373
,,1850,38.1981,61.3542
,,1851,38.46604,61.09245
,,1852,38.67886,60.89672
,,1853,38.82886,60.76243
,,1854,38.93442,60.67559
,,1855,38.96608,60.65728
,,1856,38.9477,60.69422
,,1857,38.85848,60.77562
,,1858,38.73467,60.91627
,,1859,38.56524,61.10641
,,1860,38.3485,61.32181
,,1861,38.09932,61.56186
,,1862,37.81473,61.85425
,,1863,37.49657,62.1593
,,1864,37.17334,62.49171
,,1865,36.80572,62.86226
,,1866,36.43122,63.2589
,,1867,36.02506,63.61716
,,1868,35.62017,64.01516
,,1869,35.21363,64.41642
,,1870,34.82129,64.79198
,,1871,34.46267,65.13556
,,1872,34.13081,65.43684
,,1873,33.85582,65.72767
,,1874,33.61259,65.92947
,,1875,33.45253,66.09501
,,1876,33.36353,66.15775
,,1877,33.32863,66.15506
,,1878,33.40175,66.11036
,,1879,33.55425,65.95166
,,1880,33.75008,65.73719
,,1881,34.07502,65.41133
,,1882,34.47015,65.00468
,,1883,34.93635,64.53505
,,1884,35.48302,63.97348
,,1885,36.11906,63.32906
,,1886,36.81803,62.64814
,,1887,37.544,61.86703
,,1888,38.33953,61.07597
,,1889,39.12752,60.30336
,,1890,39.92706,59.47071
,,1891,40.75894,58.62572
,,1892,41.55669,57.8321
,,1893,42.33113,57.04065
,,1894,43.10148,56.29072
,,1895,43.79321,55.60598
,,1896,44.41395,54.9716
,,1897,45.01532,54.38271
,,1898,45.54904,53.84751
,,1899,45.9932,53.38366
,,1900,46.38876,52.97309
,,1901,46.6859,52.68784
,,1902,46.89859,52.47623
,,1903,47.03218,52.34062
,,1904,47.09786,52.28604
,,1905,47.06881,52.31051
,,1906,46.97024,52.4164
,,1907,46.79407,52.5974
,,1908,46.57547,52.82337
,,1909,46.30178,53.09857
,,1910,45.96777,53.43681
,,1911,45.60834,53.79182
,,1912,45.20724,54.20058
,,1913,44.78612,54.62893
,,1914,44.35744,55.06226
,,1915,43.94323,55.47537
,,1916,43.52699,55.90621
,,1917,43.13033,56.31083
,,1918,42.76379,56.68382
,,1919,42.38389,57.06688
,,1920,42.03288,57.42448
,,1921,41.73815,57.74785
,,1922,41.42541,57.9909
,,1923,41.19087,58.2972
,,1924,40.96007,58.53346
,,1925,40.78663,58.74571
,,1926,40.55794,58.93879
,,1927,40.39037,59.11175
,,1928,40.24307,59.26981
,,1929,40.09967,59.41586
,,1930,39.96848,59.54412
,,1931,39.8519,59.66261
,,1932,39.73763,59.78423
,,1933,39.63036,59.89917
,,1934,39.53417,59.99664
,,1935,39.43544,60.09764
,,1936,39.34007,60.19568
,,1937,39.24659,60.28728
,,1938,39.15419,60.38427
,,1939,39.06808,60.47559
,,1940,38.98951,60.55929
,,1941,38.90444,60.63003
,,1942,38.82645,60.70358
,,1943,38.75349,60.78045
,,1944,38.69244,60.84855
,,1945,38.62533,60.90873
,,1946,38.5665,60.95899
,,1947,38.51134,61.0177
,,1948,38.46432,61.06013
,,1949,38.42102,61.10301
,,1950,38.41324,61.16337
,,1951,38.32158,61.14928
,,1952,38.30085,61.20518
,,1953,38.27113,61.24272
,,1954,38.23517,61.2751
,,1955,38.19178,61.31385
,,1956,38.13668,61.33693
,,1957,38.10059,61.39719
,,1958,38.04162,61.44717
,,1959,37.96337,61.48859
,,1960,37.90961,61.57538
,,1961,37.82294,61.64403
,,1962,37.72139,61.72618
,,1963,37.61042,61.86263
,,1964,37.49712,61.96278
,,1965,37.35901,62.09619
,,1966,37.19914,62.21581
,,1967,37.04355,62.43302
,,1968,36.86954,62.57823
,,1969,36.65513,62.78691
,,1970,36.4258,62.98035
,,1971,36.21876,63.20595
,,1972,35.99845,63.44247
,,1973,35.73169,63.68625
,,1974,35.47651,63.9702
,,1975,35.21422,64.18168
,,1976,34.93609,64.47678
,,1977,34.65645,64.74686
,,1978,34.39004,65.02983
,,1979,34.11079,65.29977
,,1980,33.83597,65.56996
,,1981,33.56654,65.84083
,,1982,33.30712,66.09729
,,1983,33.03612,66.35548
,,1984,32.8052,66.61516
,,1985,32.56715,66.81772
,,1986,32.34047,67.0442
,,1987,32.14555,67.26954
,,1988,31.95086,67.43455
,,1989,31.7679,67.59995
,,1990,31.63138,67.8125
,,1991,31.47875,67.88084
,,1992,31.35948,68.02853
,,1993,31.25681,68.14428
,,1994,31.17652,68.2389
,,1995,31.09626,68.29869
,,1996,31.04608,68.36246
,,1997,31.01348,68.38686
,,1998,30.99296,68.40672
,,1999,30.9983,68.44029
,,2000,30.99297,68.38964
,,2001,31.02649,68.38712
,,2002,31.05459,68.27096
,,2003,31.11864,68.2367
,,2004,31.20913,68.21097
,,2005,31.27429,68.14974
,,2006,31.35132,67.9944
,,2007,31.45687,67.90624
,,2008,31.57074,67.85493
,,2009,31.65919,67.69076
,,2010,31.792,67.5949
,,2011,31.91983,67.4649
,,2012,32.05308,67.31733
,,2013,32.18998,67.20269
,,2014,32.34132,67.06625
,,2015,32.48025,66.89856
,,2016,32.63325,66.76622
,,2017,32.78506,66.60817
,,2018,32.937,66.43457
,,2019,33.09718,66.30415
,,2020,33.26882,66.13764
,,2021,33.4221,65.94438
,,2022,33.59268,65.80282
,,2023,33.76046,65.65584
,,2024,33.91708,65.43006
,,2025,34.09073,65.29756
,,2026,34.27353,65.14858
,,2027,34.43723,64.95002
,,2028,34.60695,64.75856
,,2029,34.78998,64.60161
,,2030,34.95572,64.44857
,,2031,35.13802,64.23402
,,2032,35.32073,64.06604
,,2033,35.49822,63.89993
,,2034,35.66152,63.67906
,,2035,35.85895,63.52712
,,2036,36.04238,63.34426
,,2037,36.20588,63.15528
,,2038,36.3836,62.97904
,,2039,36.56954,62.80837
,,2040,36.72833,62.60939
,,2041,36.89067,62.46756
,,2042,37.05507,62.29565
,,2043,37.19624,62.10911
,,2044,37.35455,62.00199
,,2045,37.49411,61.85007
,,2046,37.60285,61.67699
,,2047,37.73261,61.60837
,,2048,37.84803,61.5188
,,2049,37.90219,61.36417
,,2050,37.99198,61.29825
,,2051,38.06693,61.27003
,,2052,38.11746,61.22233
,,2053,38.10351,61.10625
,,2054,38.15512,61.14155
,,2055,38.15716,61.13562
,,2056,38.14832,61.17556
,,2057,38.09588,61.15084
,,2058,38.0693,61.22773
,,2059,38.00018,61.27253
,,2060,37.94196,61.33909
,,2061,37.84476,61.43364
,,2062,37.753,61.52336
,,2063,37.64791,61.6178
,,2064,37.53523,61.76642
,,2065,37.40863,61.85995
,,2066,37.27407,61.9746
,,2067,37.15872,62.13986
,,2068,37.02013,62.25397
,,2069,36.88201,62.36188
,,2070,36.75539,62.51524
,,2071,36.63737,62.66058
,,2072,36.49715,62.75739
,,2073,36.39642,62.87207
,,2074,36.31123,62.97941
,,2075,36.1868,63.05741
,,2076,36.125,63.13252
,,2077,36.09735,63.22193
,,2078,36.0085,63.23146
,,2079,35.98964,63.25389
,,2080,35.99346,63.26832
,,2081,36.02307,63.2612
,,2082,36.03205,63.23712
,,2083,36.08727,63.16137
,,2084,36.18725,63.09977
,,2085,36.26033,63.01112
,,2086,36.38759,62.86153
,,2087,36.55285,62.73583
,,2088,36.70829,62.57789
,,2089,36.89873,62.36559
,,2090,37.12971,62.15366
,,2091,37.3686,61.94917
,,2092,37.61071,61.64723
,,2093,37.90647,61.36337
,,2094,38.22499,61.10188
,,2095,38.53458,60.79224
,,2096,38.84144,60.36599
,,2097,39.23751,60.0389
,,2098,39.63667,59.69603
,,2099,40.011,59.33037
,,2100,40.3863,58.81022
,,2101,40.83831,58.44912
,,2102,41.31331,58.05521
,,2103,41.71914,57.53205
,,2104,42.18356,57.10636
,,2105,42.64799,56.64403
,,2106,43.13615,56.17293
,,2107,43.61277,55.72163
,,2108,44.08704,55.22238
,,2109,44.58182,54.73873
,,2110,45.06968,54.28075
,,2111,45.51509,53.78298
,,2112,46.0244,53.31707
,,2113,46.48049,52.88065
,,2114,46.91228,52.39953
,,2115,47.4038,51.94714
,,2116,47.87691,51.5233
,,2117,48.24301,51.06481
,,2118,48.70014,50.66553
,,2119,49.1175,50.26602
,,2120,49.52952,49.88981
,,2121,49.85528,49.4875
,,2122,50.25906,49.13822
,,2123,50.62747,48.83347
,,2124,50.89762,48.43771
,,2125,51.24697,48.14671
,,2126,51.53776,47.86618
,,2127,51.83256,47.57608
,,2128,52.09424,47.306
,,2129,52.3554,47.06197
,,2130,52.58299,46.8193
,,2131,52.79967,46.58897
,,2132,53.0275,46.38959
,,2133,53.22756,46.17549
,,2134,53.41537,45.97154
,,2135,53.59521,45.78241
,,2136,53.80402,45.58661
,,2137,53.95856,45.41216
,,2138,54.12366,45.21081
,,2139,54.3014,45.0109
,,2140,54.50083,44.86034
,,2141,54.66809,44.65626
,,2142,54.79914,44.45889
,,2143,55.01678,44.24137
,,2144,55.20976,44.06778
,,2145,55.43735,43.91023
,,2146,55.55316,43.62836
,,2147,55.76603,43.43246
,,2148,55.95664,43.23548
,,2149,56.1401,43.01984
,,2150,56.32312,42.81518
,,2151,56.49755,42.63143
,,2152,56.65498,42.41958
,,2153,56.81591,42.2523
,,2154,56.95124,42.0983
,,2155,57.06358,41.95687
,,2156,57.12385,41.82972
,,2157,57.20096,41.74041
,,2158,57.23436,41.69774
,,2159,57.23565,41.68364
,,2160,57.19047,41.70169
,,2161,57.1131,41.7554
,,2162,56.98866,41.86215
,,2163,56.81997,42.00673
,,2164,56.60426,42.19402
,,2165,56.33989,42.42927
,,2166,56.01545,42.73351
,,2167,55.6528,43.06097
,,2168,55.25529,43.45583
,,2169,54.78444,43.90329
,,2170,54.28387,44.38027
,,2171,53.72465,44.91674
,,2172,53.11929,45.50069
,,2173,52.48155,46.12204
,,2174,51.82505,46.78916
,,2175,51.06931,47.46164
,,2176,50.29942,48.2101
,,2177,49.56073,48.95954
,,2178,48.73099,49.7797
,,2179,47.86727,50.58849
,,2180,47.04861,51.3845
,,2181,46.18064,52.23245
,,2182,45.30971,53.07955
,,2183,44.43662,53.91179
,,2184,43.57732,54.77324
,,2185,42.69054,55.63443
,,2186,41.82516,56.39903
,,2187,41.01897,57.2602
,,2188,40.13745,58.01936
,,2189,39.34817,58.77237
,,2190,38.5438,59.5291
,,2191,37.76657,60.25263
,,2192,37.02806,60.94704
,,2193,36.3291,61.59121
,,2194,35.63307,62.22483
,,2195,34.98918,62.82598
,,2196,34.37267,63.38942
,,2197,33.7711,63.91302
,,2198,33.1957,64.3904
,,2199,32.72093,64.89099
,,2200,32.22058,65.31343
,,2201,31.75563,65.68632
,,2202,31.34783,66.05281
,,2203,30.97465,66.41051
,,2204,30.61801,66.7121
,,2205,30.30998,66.98414
,,2206,30.0266,67.23361
,,2207,29.77646,67.44546
,,2208,29.57822,67.66307
,,2209,29.3786,67.81703
,,2210,29.22501,67.97103
,,2211,29.10072,68.08028
,,2212,28.99217,68.16609
,,2213,28.93645,68.24894
,,2214,28.88093,68.298
,,2215,28.86314,68.32684
,,2216,28.8506,68.3384
,,2217,28.88058,68.34271
,,2218,28.92724,68.29132
,,2219,28.97169,68.24027
,,2220,29.06499,68.18347
,,2221,29.15827,68.07427
,,2222,29.27832,68.00365
,,2223,29.42245,67.87778
,,2224,29.5648,67.73467
,,2225,29.73664,67.59398
,,2226,29.91743,67.43212
,,2227,30.09517,67.23501
,,2228,30.31724,67.05303
,,2229,30.53987,66.82446
,,2230,30.77394,66.60034
,,2231,31.01115,66.36549
,,2232,31.2787,66.09771
,,2233,31.54519,65.83832
,,2234,31.82657,65.55114
,,2235,32.11589,65.24498
,,2236,32.42885,64.93849
,,2237,32.73123,64.61415
,,2238,33.06048,64.28479
,,2239,33.40677,63.94076
,,2240,33.75714,63.60449
,,2241,34.11759,63.22087
,,2242,34.49571,62.83848
,,2243,34.87091,62.44451
,,2244,35.27014,62.03847
,,2245,35.68359,61.62268
,,2246,36.11225,61.19817
,,2247,36.5425,60.74185
,,2248,37.00521,60.26713
,,2249,37.46478,59.79971
,,2250,37.92923,59.33348
,,2251,38.43312,58.85074
,,2252,38.92599,58.34992
,,2253,39.42437,57.84592
,,2254,39.95442,57.32588
,,2255,40.49215,56.794
,,2256,41.00313,56.28593
,,2257,41.55604,55.73956
,,2258,42.11365,55.19134
,,2259,42.67238,54.64354
,,2260,43.26879,54.06879
,,2261,43.86339,53.46843
,,2262,44.45577,52.89117
,,2263,45.07256,52.28358
,,2264,45.70788,51.67303
,,2265,46.34118,51.0747
,,2266,46.98262,50.453
,,2267,47.64291,49.79664
,,2268,48.284,49.18091
,,2269,48.93771,48.55016
,,2270,49.60408,47.90905
,,2271,50.28167,47.26642
,,2272,50.92555,46.63838
,,2273,51.60531,45.98157
,,2274,52.27591,45.33679
,,2275,52.93428,44.72277
,,2276,53.58338,44.07997
,,2277,54.26028,43.4373
,,2278,54.90379,42.82478
,,2279,55.55923,42.18522
,,2280,56.2219,41.55681
,,2281,56.8452,40.9485
,,2282,57.47968,40.3391
,,2283,58.11765,39.72991
,,2284,58.73126,39.15143
,,2285,59.34963,38.53745
,,2286,60.00556,37.92408
,,2287,60.62544,37.33
,,2288,61.25556,36.73497
,,2289,61.89644,36.1134
,,2290,62.51537,35.5191
,,2291,63.16032,34.91204
,,2292,63.79928,34.28119
,,2293,64.44387,33.66958
,,2294,65.07538,33.07418
,,2295,65.71286,32.45545
,,2296,66.3573,31.83343
,,2297,66.99032,31.24275
,,2298,67.63265,30.60934
,,2299,68.29865,29.984
,,2300,68.89412,29.40118
,,2301,69.51638,28.79451
,,2302,70.13905,28.17981
,,2303,70.73273,27.60829
,,2304,71.34236,27.01001
,,2305,71.94703,26.40949
,,2306,72.52287,25.87761
,,2307,73.08309,25.31998
,,2308,73.63157,24.78784
,,2309,74.16847,24.26986
,,2310,74.67144,23.76892
,,2311,75.18666,23.27891
,,2312,75.66219,22.82637
,,2313,76.09544,22.39888
,,2314,76.53257,21.97809
,,2315,76.94079,21.60886
,,2316,77.2803,21.27259
,,2317,77.62106,20.9339
,,2318,77.95162,20.64253
,,2319,78.21067,20.39275
,,2320,78.45108,20.17364
,,2321,78.65401,19.97375
,,2322,78.82071,19.83997
,,2323,78.94353,19.72593
,,2324,79.05199,19.64542
,,2325,79.10549,19.59386
,,2326,79.10833,19.59756
,,2327,79.10828,19.6238
,,2328,79.01711,19.69659
,,2329,78.94608,19.80153
,,2330,78.83292,19.95084
,,2331,78.64157,20.13927
,,2332,78.36091,20.33535
,,2333,78.16934,20.58206
,,2334,77.9077,20.86591
,,2335,77.61736,21.15908
,,2336,77.28443,21.48779
,,2337,76.92848,21.87328
,,2338,76.57347,22.23941
,,2339,76.17732,22.66553
,,2340,75.75041,23.09821
,,2341,75.31218,23.52751
,,2342,74.85624,24.0152
,,2343,74.36487,24.48412
,,2344,73.89979,24.98833
,,2345,73.40619,25.48507
,,2346,72.8974,26.00758
,,2347,72.39793,26.51008
,,2348,71.8747,27.03584
,,2349,71.34744,27.59539
,,2350,70.82608,28.08633
,,2351,70.314,28.62291
,,2352,69.77531,29.16315
,,2353,69.27642,29.68199
,,2354,68.76468,30.19234
,,2355,68.28261,30.73363
,,2356,67.7359,31.2197
,,2357,67.2522,31.7115
,,2358,66.79766,32.20689
,,2359,66.30358,32.70508
,,2360,65.85809,33.14853
,,2361,65.39102,33.61091
,,2362,64.97085,34.07922
,,2363,64.51988,34.48528
,,2364,64.10434,34.91811
,,2365,63.70172,35.3329
,,2366,63.30134,35.7226
,,2367,62.92198,36.10458
,,2368,62.55565,36.48774
,,2369,62.21956,36.84665
,,2370,61.84119,37.16377
,,2371,61.55424,37.52584
,,2372,61.20791,37.83027
,,2373,60.92199,38.11519
,,2374,60.63646,38.40772
,,2375,60.35248,38.68984
,,2376,60.10387,38.94666
,,2377,59.86039,39.20659
,,2378,59.62689,39.42565
,,2379,59.40014,39.63377
,,2380,59.21802,39.86506
,,2381,58.98325,40.0582
,,2382,58.83608,40.23899
,,2383,58.63368,40.40452
,,2384,58.49678,40.57801
,,2385,58.30537,40.68994
,,2386,58.2247,40.86608
,,2387,58.05686,40.94236
,,2388,57.96497,41.07229
,,2389,57.86477,41.16701
,,2390,57.76375,41.25587
,,2391,57.67915,41.33237
,,2392,57.62926,41.40704
,,2393,57.55328,41.45204
,,2394,57.50458,41.50231
,,2395,57.45115,41.52079
,,2396,57.43807,41.55731
,,2397,57.4023,41.56662
,,2398,57.39409,41.56019
,,2399,57.37885,41.55021
,,2400,57.39297,41.5451
,,2401,57.40568,41.52412
,,2402,57.41938,41.49582
,,2403,57.47135,41.44649
,,2404,57.50306,41.41533
,,2405,57.55958,41.34782
,,2406,57.61139,41.27605
,,2407,57.65603,41.19627
,,2408,57.73202,41.09313
,,2409,57.84344,41.02628
,,2410,57.93458,40.93231
,,2411,58.01647,40.80713
,,2412,58.12659,40.70815
,,2413,58.23682,40.55383
,,2414,58.36756,40.44279
,,2415,58.49492,40.31074
,,2416,58.63021,40.17366
,,2417,58.74292,40.01292
,,2418,58.89803,39.84575
,,2419,59.04786,39.65972
,,2420,59.19948,39.50508
,,2421,59.35958,39.33188
,,2422,59.53071,39.1414
,,2423,59.69079,38.96922
,,2424,59.89123,38.77909
,,2425,60.04981,38.56612
,,2426,60.23193,38.35376
,,2427,60.42232,38.16131
,,2428,60.62835,37.92459
,,2429,60.84172,37.7367
,,2430,61.04432,37.51289
,,2431,61.26149,37.26687
,,2432,61.47134,37.03254
,,2433,61.69872,36.81018
,,2434,61.92771,36.57485
,,2435,62.13892,36.30632
,,2436,62.37462,36.09627
,,2437,62.61686,35.81534
,,2438,62.83714,35.56123
,,2439,63.07574,35.31483
,,2440,63.30592,35.05723
,,2441,63.5532,34.78181
,,2442,63.80603,34.55791
,,2443,64.02001,34.26292
,,2444,64.26865,34.02034
,,2445,64.50451,33.76042
,,2446,64.75696,33.51434
,,2447,64.96952,33.24187
,,2448,65.20451,32.98514
,,2449,65.44971,32.76343
,,2450,65.64993,32.48184
,,2451,65.88083,32.25257
,,2452,66.09676,32.02326
,,2453,66.32214,31.77267
,,2454,66.52666,31.55066
,,2455,66.70654,31.33327
,,2456,66.92822,31.11374
,,2457,67.11855,30.90053
,,2458,67.3134,30.70698
,,2459,67.48468,30.52474
,,2460,67.64917,30.31015
,,2461,67.80729,30.14081
,,2462,67.95963,29.98187
,,2463,68.09985,29.81118
,,2464,68.2095,29.6747
,,2465,68.27807,29.52723
,,2466,68.41219,29.42473
,,2467,68.51226,29.32145
,,2468,68.57751,29.22172
,,2469,68.64318,29.12773
,,2470,68.70089,29.07664
,,2471,68.73303,29.01002
,,2472,68.76062,28.97845
,,2473,68.76146,28.94519
,,2474,68.7685,28.94839
,,2475,68.71501,28.95171
,,2476,68.67606,28.9811
,,2477,68.62511,29.03145
,,2478,68.5358,29.08849
,,2479,68.44578,29.172
,,2480,68.34888,29.27713
,,2481,68.21153,29.38955
,,2482,68.05571,29.53891
,,2483,67.90376,29.6846
,,2484,67.71156,29.84418
,,2485,67.51402,30.02905
,,2486,67.2918,30.22084
,,2487,67.06145,30.43771
,,2488,66.82028,30.67405
,,2489,66.55948,30.93388
,,2490,66.26784,31.16888
,,2491,65.98075,31.45945
,,2492,65.67979,31.74213
,,2493,65.36671,32.05566
,,2494,65.0205,32.37204
,,2495,64.67261,32.70164
,,2496,64.33189,33.04829
,,2497,63.95153,33.38774
,,2498,63.58398,33.762
,,2499,63.20742,34.10082
,,2500,62.77021,34.456