Uncoated B270 Transmission,,,
Wavelength (nm),% Transmission,,
2600,69.116263,,
2599,69.139893,,
2598,69.189101,,
2597,69.217774,,
2596,69.260654,,
2595,69.308952,,
2594,69.368547,,
2593,69.388483,,
2592,69.404562,,
2591,69.419911,,
2590,69.465324,,
2589,69.522087,,
2588,69.577892,,
2587,69.609145,,
2586,69.634231,,
2585,69.663766,,
2584,69.667556,,
2583,69.730538,,
2582,69.744679,,
2581,69.80674,,
2580,69.848331,,
2579,69.880301,,
2578,69.918348,,
2577,69.943635,,
2576,69.964976,,
2575,69.997009,,
2574,70.043294,,
2573,70.061721,,
2572,70.100196,,
2571,70.117997,,
2570,70.16258,,
2569,70.200604,,
2568,70.220638,,
2567,70.244143,,
2566,70.246582,,
2565,70.269749,,
2564,70.30281,,
2563,70.334767,,
2562,70.39453,,
2561,70.423376,,
2560,70.44082,,
2559,70.481571,,
2558,70.511188,,
2557,70.541524,,
2556,70.608711,,
2555,70.638884,,
2554,70.677116,,
2553,70.680279,,
2552,70.685399,,
2551,70.708379,,
2550,70.737065,,
2549,70.765077,,
2548,70.805836,,
2547,70.85149,,
2546,70.888911,,
2545,70.893251,,
2544,70.915807,,
2543,70.945893,,
2542,70.985175,,
2541,71.043293,,
2540,71.07245,,
2539,71.084485,,
2538,71.131016,,
2537,71.169796,,
2536,71.181976,,
2535,71.20173,,
2534,71.218542,,
2533,71.249311,,
2532,71.286457,,
2531,71.332983,,
2530,71.334156,,
2529,71.368387,,
2528,71.401016,,
2527,71.455491,,
2526,71.484249,,
2525,71.504577,,
2524,71.525558,,
2523,71.564595,,
2522,71.605691,,
2521,71.628882,,
2520,71.657398,,
2519,71.678089,,
2518,71.715705,,
2517,71.770452,,
2516,71.798261,,
2515,71.824438,,
2514,71.854949,,
2513,71.877143,,
2512,71.908018,,
2511,71.928709,,
2510,71.972013,,
2509,72.004066,,
2508,72.030095,,
2507,72.07402,,
2506,72.115684,,
2505,72.154363,,
2504,72.190165,,
2503,72.196568,,
2502,72.226467,,
2501,72.26491,,
2500,72.308489,,
2499,72.335067,,
2498,72.380449,,
2497,72.411138,,
2496,72.446176,,
2495,72.468943,,
2494,72.472775,,
2493,72.484157,,
2492,72.523229,,
2491,72.56763,,
2490,72.63401,,
2489,72.66842,,
2488,72.699931,,
2487,72.739228,,
2486,72.752922,,
2485,72.778223,,
2484,72.816168,,
2483,72.872678,,
2482,72.899651,,
2481,72.934075,,
2480,72.976598,,
2479,73.023416,,
2478,73.057719,,
2477,73.094153,,
2476,73.130035,,
2475,73.161114,,
2474,73.19067,,
2473,73.232864,,
2472,73.28386,,
2471,73.333969,,
2470,73.377996,,
2469,73.426645,,
2468,73.469803,,
2467,73.520676,,
2466,73.560285,,
2465,73.612351,,
2464,73.66755,,
2463,73.712983,,
2462,73.74199,,
2461,73.779677,,
2460,73.808751,,
2459,73.856975,,
2458,73.929472,,
2457,73.994096,,
2456,74.032039,,
2455,74.065155,,
2454,74.10628,,
2453,74.149986,,
2452,74.187553,,
2451,74.22654,,
2450,74.279575,,
2449,74.33941,,
2448,74.410842,,
2447,74.457088,,
2446,74.498549,,
2445,74.547042,,
2444,74.587162,,
2443,74.638302,,
2442,74.689556,,
2441,74.739867,,
2440,74.799484,,
2439,74.854806,,
2438,74.892857,,
2437,74.928787,,
2436,74.978327,,
2435,75.031808,,
2434,75.097961,,
2433,75.174513,,
2432,75.242009,,
2431,75.295707,,
2430,75.329958,,
2429,75.372374,,
2428,75.439261,,
2427,75.492582,,
2426,75.52832,,
2425,75.575766,,
2424,75.615195,,
2423,75.653389,,
2422,75.711362,,
2421,75.785794,,
2420,75.858311,,
2419,75.903119,,
2418,75.934006,,
2417,75.967375,,
2416,76.000694,,
2415,76.043531,,
2414,76.094528,,
2413,76.127901,,
2412,76.178021,,
2411,76.230177,,
2410,76.265088,,
2409,76.302106,,
2408,76.327131,,
2407,76.374291,,
2406,76.417038,,
2405,76.459104,,
2404,76.512108,,
2403,76.543856,,
2402,76.567115,,
2401,76.593551,,
2400,76.624202,,
2399,76.653039,,
2398,76.69732,,
2397,76.749108,,
2396,76.78295,,
2395,76.810133,,
2394,76.837775,,
2393,76.871707,,
2392,76.908879,,
2391,76.93856,,
2390,76.958695,,
2389,76.970201,,
2388,77.00979,,
2387,77.061872,,
2386,77.090785,,
2385,77.104594,,
2384,77.116395,,
2383,77.133523,,
2382,77.154589,,
2381,77.186117,,
2380,77.245154,,
2379,77.280404,,
2378,77.285703,,
2377,77.291352,,
2376,77.314828,,
2375,77.341768,,
2374,77.363982,,
2373,77.370327,,
2372,77.401675,,
2371,77.437011,,
2370,77.464089,,
2369,77.493368,,
2368,77.501766,,
2367,77.499405,,
2366,77.507899,,
2365,77.535683,,
2364,77.550022,,
2363,77.582555,,
2362,77.605224,,
2361,77.631743,,
2360,77.655635,,
2359,77.660127,,
2358,77.672303,,
2357,77.685835,,
2356,77.699833,,
2355,77.726534,,
2354,77.747102,,
2353,77.76485,,
2352,77.776181,,
2351,77.78892,,
2350,77.801872,,
2349,77.82981,,
2348,77.835561,,
2347,77.865517,,
2346,77.904061,,
2345,77.889693,,
2344,77.894143,,
2343,77.917714,,
2342,77.922517,,
2341,77.91799,,
2340,77.918183,,
2339,77.951683,,
2338,77.975087,,
2337,77.997251,,
2336,78.01212,,
2335,78.021451,,
2334,78.003076,,
2333,77.996251,,
2332,78.009357,,
2331,78.046322,,
2330,78.067054,,
2329,78.088305,,
2328,78.08973,,
2327,78.086127,,
2326,78.101149,,
2325,78.101294,,
2324,78.105437,,
2323,78.137411,,
2322,78.146331,,
2321,78.142479,,
2320,78.137137,,
2319,78.158587,,
2318,78.162098,,
2317,78.161203,,
2316,78.148624,,
2315,78.15509,,
2314,78.177012,,
2313,78.183436,,
2312,78.176589,,
2311,78.17561,,
2310,78.195652,,
2309,78.202209,,
2308,78.207596,,
2307,78.209673,,
2306,78.218072,,
2305,78.231723,,
2304,78.245065,,
2303,78.227472,,
2302,78.212592,,
2301,78.204497,,
2300,78.212002,,
2299,78.199385,,
2298,78.23166,,
2297,78.244449,,
2296,78.231319,,
2295,78.216786,,
2294,78.214867,,
2293,78.203586,,
2292,78.214585,,
2291,78.210713,,
2290,78.189725,,
2289,78.211859,,
2288,78.211606,,
2287,78.206709,,
2286,78.208405,,
2285,78.184624,,
2284,78.181354,,
2283,78.160429,,
2282,78.150525,,
2281,78.16656,,
2280,78.172771,,
2279,78.192797,,
2278,78.177888,,
2277,78.16231,,
2276,78.167167,,
2275,78.141337,,
2274,78.14197,,
2273,78.10682,,
2272,78.097465,,
2271,78.105158,,
2270,78.105974,,
2269,78.095093,,
2268,78.097614,,
2267,78.099177,,
2266,78.103638,,
2265,78.106462,,
2264,78.077607,,
2263,78.0611,,
2262,78.048284,,
2261,78.048853,,
2260,78.010604,,
2259,78.012385,,
2258,78.002947,,
2257,77.991766,,
2256,78.001027,,
2255,78.01184,,
2254,78.010566,,
2253,77.994437,,
2252,77.976373,,
2251,77.968191,,
2250,77.961998,,
2249,77.960936,,
2248,77.946741,,
2247,77.93967,,
2246,77.905509,,
2245,77.922293,,
2244,77.924956,,
2243,77.943269,,
2242,77.917488,,
2241,77.924517,,
2240,77.902685,,
2239,77.889898,,
2238,77.907862,,
2237,77.898141,,
2236,77.923253,,
2235,77.921718,,
2234,77.90927,,
2233,77.899313,,
2232,77.922089,,
2231,77.915088,,
2230,77.924192,,
2229,77.952036,,
2228,77.974854,,
2227,78.020315,,
2226,78.027115,,
2225,78.047568,,
2224,78.072993,,
2223,78.098011,,
2222,78.11764,,
2221,78.157792,,
2220,78.207811,,
2219,78.219611,,
2218,78.249889,,
2217,78.309251,,
2216,78.352486,,
2215,78.404166,,
2214,78.435794,,
2213,78.489236,,
2212,78.560879,,
2211,78.646381,,
2210,78.699697,,
2209,78.763921,,
2208,78.832344,,
2207,78.906577,,
2206,78.968518,,
2205,79.050093,,
2204,79.13072,,
2203,79.196552,,
2202,79.283471,,
2201,79.34068,,
2200,79.432963,,
2199,79.548512,,
2198,79.707445,,
2197,79.753983,,
2196,79.85656,,
2195,79.949771,,
2194,80.057341,,
2193,80.178933,,
2192,80.303177,,
2191,80.417286,,
2190,80.519591,,
2189,80.635359,,
2188,80.730178,,
2187,80.856951,,
2186,80.991549,,
2185,81.097556,,
2184,81.220606,,
2183,81.293995,,
2182,81.43374,,
2181,81.54509,,
2180,81.646041,,
2179,81.725993,,
2178,81.83924,,
2177,81.936265,,
2176,82.028933,,
2175,82.106412,,
2174,82.193868,,
2173,82.276636,,
2172,82.359356,,
2171,82.425859,,
2170,82.509869,,
2169,82.562994,,
2168,82.635826,,
2167,82.710021,,
2166,82.774096,,
2165,82.825536,,
2164,82.893912,,
2163,82.962455,,
2162,82.994624,,
2161,83.045359,,
2160,83.116921,,
2159,83.164512,,
2158,83.188232,,
2157,83.228003,,
2156,83.279663,,
2155,83.315402,,
2154,83.387425,,
2153,83.441135,,
2152,83.496562,,
2151,83.539336,,
2150,83.566818,,
2149,83.618072,,
2148,83.644981,,
2147,83.670746,,
2146,83.735299,,
2145,83.774503,,
2144,83.80807,,
2143,83.82176,,
2142,83.858618,,
2141,83.906597,,
2140,83.956017,,
2139,84.005568,,
2138,84.035283,,
2137,84.095739,,
2136,84.135721,,
2135,84.169142,,
2134,84.183864,,
2133,84.21609,,
2132,84.262492,,
2131,84.283368,,
2130,84.314157,,
2129,84.357717,,
2128,84.400135,,
2127,84.442928,,
2126,84.458414,,
2125,84.475415,,
2124,84.487995,,
2123,84.533527,,
2122,84.574012,,
2121,84.603721,,
2120,84.621305,,
2119,84.664009,,
2118,84.670988,,
2117,84.703119,,
2116,84.72347,,
2115,84.738667,,
2114,84.788927,,
2113,84.804259,,
2112,84.830195,,
2111,84.854153,,
2110,84.890343,,
2109,84.928882,,
2108,84.935656,,
2107,84.948449,,
2106,84.955663,,
2105,84.986866,,
2104,85.036588,,
2103,85.046691,,
2102,85.078373,,
2101,85.103048,,
2100,85.135612,,
2099,85.167948,,
2098,85.173368,,
2097,85.190763,,
2096,85.216775,,
2095,85.235103,,
2094,85.26434,,
2093,85.271364,,
2092,85.286818,,
2091,85.294653,,
2090,85.310749,,
2089,85.326561,,
2088,85.346817,,
2087,85.364637,,
2086,85.36001,,
2085,85.362479,,
2084,85.400335,,
2083,85.427234,,
2082,85.44262,,
2081,85.453296,,
2080,85.473902,,
2079,85.507105,,
2078,85.522827,,
2077,85.521949,,
2076,85.519564,,
2075,85.531255,,
2074,85.548736,,
2073,85.573685,,
2072,85.591176,,
2071,85.620023,,
2070,85.656415,,
2069,85.669706,,
2068,85.649718,,
2067,85.648784,,
2066,85.652411,,
2065,85.66985,,
2064,85.692187,,
2063,85.711129,,
2062,85.730763,,
2061,85.738792,,
2060,85.754519,,
2059,85.786645,,
2058,85.800528,,
2057,85.803044,,
2056,85.807808,,
2055,85.818873,,
2054,85.813442,,
2053,85.814702,,
2052,85.816615,,
2051,85.834809,,
2050,85.868124,,
2049,85.887926,,
2048,85.902857,,
2047,85.912742,,
2046,85.920227,,
2045,85.939784,,
2044,85.962313,,
2043,85.961617,,
2042,85.975823,,
2041,86.001413,,
2040,86.010329,,
2039,86.023271,,
2038,86.029992,,
2037,86.043739,,
2036,86.058916,,
2035,86.069798,,
2034,86.081903,,
2033,86.10056,,
2032,86.13536,,
2031,86.164078,,
2030,86.17403,,
2029,86.16212,,
2028,86.178161,,
2027,86.191716,,
2026,86.187805,,
2025,86.215666,,
2024,86.232583,,
2023,86.237732,,
2022,86.259278,,
2021,86.252567,,
2020,86.255037,,
2019,86.280489,,
2018,86.292986,,
2017,86.315059,,
2016,86.333697,,
2015,86.348494,,
2014,86.354204,,
2013,86.353376,,
2012,86.375178,,
2011,86.404621,,
2010,86.419106,,
2009,86.433623,,
2008,86.446713,,
2007,86.459751,,
2006,86.469526,,
2005,86.478041,,
2004,86.475216,,
2003,86.49886,,
2002,86.517178,,
2001,86.53072,,
2000,86.557192,,
1999,86.578936,,
1998,86.591983,,
1997,86.600302,,
1996,86.616417,,
1995,86.631363,,
1994,86.655868,,
1993,86.660287,,
1992,86.675206,,
1991,86.711977,,
1990,86.727199,,
1989,86.72058,,
1988,86.750136,,
1987,86.77321,,
1986,86.795219,,
1985,86.810165,,
1984,86.827188,,
1983,86.830779,,
1982,86.845865,,
1981,86.864686,,
1980,86.881,,
1979,86.906112,,
1978,86.927951,,
1977,86.945856,,
1976,86.958386,,
1975,86.975918,,
1974,86.993811,,
1973,87.022104,,
1972,87.032248,,
1971,87.054432,,
1970,87.073671,,
1969,87.090925,,
1968,87.127426,,
1967,87.143317,,
1966,87.142188,,
1965,87.162036,,
1964,87.190241,,
1963,87.20074,,
1962,87.233472,,
1961,87.253307,,
1960,87.238021,,
1959,87.264471,,
1958,87.282745,,
1957,87.283768,,
1956,87.327913,,
1955,87.343368,,
1954,87.378687,,
1953,87.402283,,
1952,87.390114,,
1951,87.39788,,
1950,87.439383,,
1949,87.448526,,
1948,87.442757,,
1947,87.473737,,
1946,87.487265,,
1945,87.486963,,
1944,87.545547,,
1943,87.544711,,
1942,87.510856,,
1941,87.59973,,
1940,87.610907,,
1939,87.653706,,
1938,87.654234,,
1937,87.665185,,
1936,87.681074,,
1935,87.676927,,
1934,87.679407,,
1933,87.704053,,
1932,87.751647,,
1931,87.763787,,
1930,87.766009,,
1929,87.760233,,
1928,87.76041,,
1927,87.787758,,
1926,87.794601,,
1925,87.812202,,
1924,87.825216,,
1923,87.857527,,
1922,87.870792,,
1921,87.873511,,
1920,87.878066,,
1919,87.904136,,
1918,87.8988,,
1917,87.952817,,
1916,87.990429,,
1915,88.037043,,
1914,88.038399,,
1913,88.027992,,
1912,88.013563,,
1911,88.047647,,
1910,88.042739,,
1909,88.077519,,
1908,88.139669,,
1907,88.150729,,
1906,88.18134,,
1905,88.173816,,
1904,88.151709,,
1903,88.14509,,
1902,88.162291,,
1901,88.214569,,
1900,88.179347,,
1899,88.225571,,
1898,88.282026,,
1897,88.247782,,
1896,88.295273,,
1895,88.246385,,
1894,88.326797,,
1893,88.353281,,
1892,88.37388,,
1891,88.333118,,
1890,88.354394,,
1889,88.356758,,
1888,88.373309,,
1887,88.437046,,
1886,88.421424,,
1885,88.425689,,
1884,88.453044,,
1883,88.444912,,
1882,88.494482,,
1881,88.466305,,
1880,88.529329,,
1879,88.49138,,
1878,88.532603,,
1877,88.544187,,
1876,88.582286,,
1875,88.592046,,
1874,88.6056,,
1873,88.596098,,
1872,88.578966,,
1871,88.591942,,
1870,88.601964,,
1869,88.589253,,
1868,88.603018,,
1867,88.63132,,
1866,88.642856,,
1865,88.644592,,
1864,88.700787,,
1863,88.745294,,
1862,88.756378,,
1861,88.758698,,
1860,88.742354,,
1859,88.738121,,
1858,88.795812,,
1857,88.79567,,
1856,88.786701,,
1855,88.806731,,
1854,88.832671,,
1853,88.852795,,
1852,88.844706,,
1851,88.824775,,
1850,88.893629,,
1849,88.932965,,
1848,89.015957,,
1847,88.977227,,
1846,88.913963,,
1845,88.994734,,
1844,88.957116,,
1843,88.943967,,
1842,88.977651,,
1841,89.012746,,
1840,88.976449,,
1839,89.02992,,
1838,88.985686,,
1837,89.049271,,
1836,89.049585,,
1835,89.07679,,
1834,89.031015,,
1833,89.072851,,
1832,89.121389,,
1831,89.125144,,
1830,89.12969,,
1829,89.199514,,
1828,89.178518,,
1827,89.171423,,
1826,89.197595,,
1825,89.199305,,
1824,89.216875,,
1823,89.257488,,
1822,89.266465,,
1821,89.28626,,
1820,89.27223,,
1819,89.288027,,
1818,89.282969,,
1817,89.299681,,
1816,89.347189,,
1815,89.357249,,
1814,89.378249,,
1813,89.387637,,
1812,89.386587,,
1811,89.386792,,
1810,89.404327,,
1809,89.416915,,
1808,89.466941,,
1807,89.47169,,
1806,89.485644,,
1805,89.502007,,
1804,89.522548,,
1803,89.523707,,
1802,89.540764,,
1801,89.549621,,
1800,89.579502,,
1799,89.593845,,
1798,89.598853,,
1797,89.60949,,
1796,89.645684,,
1795,89.618742,,
1794,89.635426,,
1793,89.653105,,
1792,89.667904,,
1791,89.684667,,
1790,89.694332,,
1789,89.70829,,
1788,89.725681,,
1787,89.753861,,
1786,89.774134,,
1785,89.792469,,
1784,89.785318,,
1783,89.810674,,
1782,89.820085,,
1781,89.82155,,
1780,89.857516,,
1779,89.861954,,
1778,89.872604,,
1777,89.893598,,
1776,89.893127,,
1775,89.915729,,
1774,89.920223,,
1773,89.95137,,
1772,89.959271,,
1771,89.970463,,
1770,89.996516,,
1769,90.011351,,
1768,90.027222,,
1767,90.041218,,
1766,90.068357,,
1765,90.08058,,
1764,90.087168,,
1763,90.100427,,
1762,90.110258,,
1761,90.132523,,
1760,90.128631,,
1759,90.147684,,
1758,90.168852,,
1757,90.185049,,
1756,90.190876,,
1755,90.217705,,
1754,90.240987,,
1753,90.233202,,
1752,90.245497,,
1751,90.269163,,
1750,90.30676,,
1749,90.303961,,
1748,90.312459,,
1747,90.333986,,
1746,90.350151,,
1745,90.366372,,
1744,90.371014,,
1743,90.390261,,
1742,90.387655,,
1741,90.395169,,
1740,90.403944,,
1739,90.40812,,
1738,90.418053,,
1737,90.425981,,
1736,90.4395,,
1735,90.444416,,
1734,90.511102,,
1733,90.509466,,
1732,90.522638,,
1731,90.519161,,
1730,90.53718,,
1729,90.546341,,
1728,90.557221,,
1727,90.57455,,
1726,90.594717,,
1725,90.596395,,
1724,90.606695,,
1723,90.617783,,
1722,90.618705,,
1721,90.641436,,
1720,90.659464,,
1719,90.684806,,
1718,90.687681,,
1717,90.692105,,
1716,90.713148,,
1715,90.722402,,
1714,90.746337,,
1713,90.777311,,
1712,90.776934,,
1711,90.76531,,
1710,90.788945,,
1709,90.819578,,
1708,90.818277,,
1707,90.830776,,
1706,90.841766,,
1705,90.864811,,
1704,90.874712,,
1703,90.877334,,
1702,90.882542,,
1701,90.884328,,
1700,90.882505,,
1699,90.874819,,
1698,90.880482,,
1697,90.906239,,
1696,90.930305,,
1695,90.927975,,
1694,90.923041,,
1693,90.951529,,
1692,90.981912,,
1691,90.985096,,
1690,91.000459,,
1689,91.014858,,
1688,91.023629,,
1687,91.03419,,
1686,91.050315,,
1685,91.056089,,
1684,91.058347,,
1683,91.063981,,
1682,91.082918,,
1681,91.102878,,
1680,91.096954,,
1679,91.093456,,
1678,91.12216,,
1677,91.128649,,
1676,91.129663,,
1675,91.152436,,
1674,91.154868,,
1673,91.142997,,
1672,91.184671,,
1671,91.209116,,
1670,91.208799,,
1669,91.217657,,
1668,91.218655,,
1667,91.207275,,
1666,91.204271,,
1665,91.226342,,
1664,91.244393,,
1663,91.243525,,
1662,91.251525,,
1661,91.262824,,
1660,91.271214,,
1659,91.275566,,
1658,91.261543,,
1657,91.27308,,
1656,91.283151,,
1655,91.290654,,
1654,91.302394,,
1653,91.304134,,
1652,91.311872,,
1651,91.325382,,
1650,91.343478,,
1649,91.359804,,
1648,91.360532,,
1647,91.348169,,
1646,91.355247,,
1645,91.369011,,
1644,91.386024,,
1643,91.395857,,
1642,91.390614,,
1641,91.382147,,
1640,91.385936,,
1639,91.39643,,
1638,91.398464,,
1637,91.421626,,
1636,91.448162,,
1635,91.460573,,
1634,91.450892,,
1633,91.429971,,
1632,91.421975,,
1631,91.426259,,
1630,91.432909,,
1629,91.466444,,
1628,91.483362,,
1627,91.472412,,
1626,91.473823,,
1625,91.474931,,
1624,91.479759,,
1623,91.486933,,
1622,91.499909,,
1621,91.496905,,
1620,91.496891,,
1619,91.511643,,
1618,91.522762,,
1617,91.531021,,
1616,91.528395,,
1615,91.54088,,
1614,91.557526,,
1613,91.553299,,
1612,91.549274,,
1611,91.53101,,
1610,91.521105,,
1609,91.513085,,
1608,91.526308,,
1607,91.529599,,
1606,91.531099,,
1605,91.554721,,
1604,91.559842,,
1603,91.572342,,
1602,91.578731,,
1601,91.588253,,
1600,91.599345,,
1599,91.602654,,
1598,91.603441,,
1597,91.600064,,
1596,91.593919,,
1595,91.589815,,
1594,91.590523,,
1593,91.588929,,
1592,91.604905,,
1591,91.611191,,
1590,91.632318,,
1589,91.63557,,
1588,91.635102,,
1587,91.648941,,
1586,91.644948,,
1585,91.629241,,
1584,91.629857,,
1583,91.621971,,
1582,91.633023,,
1581,91.642943,,
1580,91.632058,,
1579,91.6502,,
1578,91.650807,,
1577,91.655881,,
1576,91.680107,,
1575,91.696486,,
1574,91.684764,,
1573,91.65496,,
1572,91.658108,,
1571,91.665545,,
1570,91.691617,,
1569,91.69533,,
1568,91.694407,,
1567,91.701254,,
1566,91.718854,,
1565,91.690425,,
1564,91.684637,,
1563,91.704547,,
1562,91.701016,,
1561,91.725708,,
1560,91.728777,,
1559,91.701112,,
1558,91.727976,,
1557,91.745024,,
1556,91.728766,,
1555,91.721971,,
1554,91.734003,,
1553,91.710512,,
1552,91.725342,,
1551,91.740262,,
1550,91.753088,,
1549,91.749506,,
1548,91.746915,,
1547,91.749778,,
1546,91.75072,,
1545,91.741839,,
1544,91.751406,,
1543,91.731594,,
1542,91.732339,,
1541,91.738281,,
1540,91.758715,,
1539,91.764985,,
1538,91.770044,,
1537,91.745603,,
1536,91.751652,,
1535,91.760465,,
1534,91.762951,,
1533,91.739693,,
1532,91.752049,,
1531,91.766014,,
1530,91.768191,,
1529,91.790907,,
1528,91.760797,,
1527,91.785151,,
1526,91.783089,,
1525,91.782361,,
1524,91.762862,,
1523,91.771643,,
1522,91.762574,,
1521,91.776372,,
1520,91.800661,,
1519,91.763856,,
1518,91.779264,,
1517,91.777507,,
1516,91.768471,,
1515,91.764567,,
1514,91.762336,,
1513,91.761295,,
1512,91.757786,,
1511,91.747809,,
1510,91.755857,,
1509,91.762417,,
1508,91.751343,,
1507,91.753335,,
1506,91.748631,,
1505,91.759076,,
1504,91.763426,,
1503,91.775609,,
1502,91.731926,,
1501,91.738077,,
1500,91.762502,,
1499,91.761295,,
1498,91.761641,,
1497,91.76837,,
1496,91.766479,,
1495,91.743253,,
1494,91.711056,,
1493,91.738115,,
1492,91.734132,,
1491,91.747096,,
1490,91.741921,,
1489,91.762519,,
1488,91.754636,,
1487,91.739687,,
1486,91.726959,,
1485,91.712945,,
1484,91.712285,,
1483,91.718912,,
1482,91.720924,,
1481,91.71364,,
1480,91.724292,,
1479,91.727061,,
1478,91.701486,,
1477,91.734601,,
1476,91.700094,,
1475,91.71076,,
1474,91.700071,,
1473,91.70223,,
1472,91.702411,,
1471,91.713794,,
1470,91.689347,,
1469,91.701507,,
1468,91.68913,,
1467,91.681213,,
1466,91.680171,,
1465,91.687514,,
1464,91.662507,,
1463,91.660682,,
1462,91.673618,,
1461,91.672156,,
1460,91.638148,,
1459,91.633452,,
1458,91.62257,,
1457,91.652178,,
1456,91.62528,,
1455,91.611601,,
1454,91.616153,,
1453,91.634452,,
1452,91.583099,,
1451,91.601137,,
1450,91.587978,,
1449,91.571722,,
1448,91.582616,,
1447,91.57225,,
1446,91.58211,,
1445,91.572995,,
1444,91.555132,,
1443,91.527848,,
1442,91.512404,,
1441,91.538525,,
1440,91.51126,,
1439,91.497683,,
1438,91.478395,,
1437,91.464241,,
1436,91.480018,,
1435,91.468924,,
1434,91.456386,,
1433,91.465099,,
1432,91.444821,,
1431,91.429243,,
1430,91.405827,,
1429,91.398206,,
1428,91.409089,,
1427,91.39861,,
1426,91.388351,,
1425,91.35867,,
1424,91.346562,,
1423,91.335512,,
1422,91.316242,,
1421,91.303953,,
1420,91.293675,,
1419,91.28797,,
1418,91.29323,,
1417,91.321519,,
1416,91.293936,,
1415,91.325374,,
1414,91.305924,,
1413,91.303903,,
1412,91.278254,,
1411,91.271817,,
1410,91.283968,,
1409,91.301223,,
1408,91.343675,,
1407,91.320541,,
1406,91.320207,,
1405,91.304747,,
1404,91.311341,,
1403,91.341595,,
1402,91.342283,,
1401,91.395474,,
1400,91.423322,,
1399,91.408944,,
1398,91.424133,,
1397,91.481968,,
1396,91.564401,,
1395,91.605615,,
1394,91.643607,,
1393,91.621728,,
1392,91.615243,,
1391,91.636756,,
1390,91.681908,,
1389,91.67629,,
1388,91.675257,,
1387,91.778405,,
1386,91.752966,,
1385,91.758887,,
1384,91.848587,,
1383,91.818198,,
1382,91.855802,,
1381,91.885896,,
1380,91.791842,,
1379,91.744092,,
1378,91.778998,,
1377,91.833102,,
1376,91.807855,,
1375,91.857869,,
1374,91.850822,,
1373,91.880468,,
1372,91.899652,,
1371,91.908947,,
1370,91.836877,,
1369,91.799623,,
1368,91.845295,,
1367,91.885638,,
1366,91.871192,,
1365,91.847531,,
1364,91.879561,,
1363,91.909221,,
1362,91.894497,,
1361,91.881297,,
1360,91.862544,,
1359,91.881364,,
1358,91.811598,,
1357,91.766129,,
1356,91.867962,,
1355,91.873327,,
1354,91.845518,,
1353,91.83581,,
1352,91.820532,,
1351,91.833682,,
1350,91.816307,,
1349,91.84014,,
1348,91.850558,,
1347,91.843407,,
1346,91.87041,,
1345,91.880271,,
1344,91.863675,,
1343,91.860574,,
1342,91.863441,,
1341,91.859829,,
1340,91.864057,,
1339,91.880933,,
1338,91.866368,,
1337,91.845767,,
1336,91.861957,,
1335,91.870268,,
1334,91.868997,,
1333,91.866295,,
1332,91.863469,,
1331,91.859109,,
1330,91.853221,,
1329,91.855666,,
1328,91.852858,,
1327,91.863985,,
1326,91.872283,,
1325,91.853811,,
1324,91.866699,,
1323,91.867493,,
1322,91.864488,,
1321,91.874139,,
1320,91.883495,,
1319,91.877174,,
1318,91.862935,,
1317,91.85329,,
1316,91.863236,,
1315,91.862864,,
1314,91.861235,,
1313,91.846255,,
1312,91.843779,,
1311,91.849262,,
1310,91.838378,,
1309,91.841105,,
1308,91.848055,,
1307,91.856857,,
1306,91.841674,,
1305,91.851279,,
1304,91.848573,,
1303,91.848215,,
1302,91.845322,,
1301,91.848714,,
1300,91.836897,,
1299,91.827448,,
1298,91.838559,,
1297,91.828644,,
1296,91.824213,,
1295,91.83115,,
1294,91.834234,,
1293,91.833603,,
1292,91.835771,,
1291,91.833505,,
1290,91.823307,,
1289,91.817981,,
1288,91.819501,,
1287,91.819033,,
1286,91.824742,,
1285,91.822666,,
1284,91.834369,,
1283,91.839789,,
1282,91.82725,,
1281,91.825074,,
1280,91.827031,,
1279,91.825872,,
1278,91.810613,,
1277,91.813413,,
1276,91.808555,,
1275,91.801957,,
1274,91.806794,,
1273,91.79164,,
1272,91.780345,,
1271,91.788393,,
1270,91.810813,,
1269,91.822541,,
1268,91.804685,,
1267,91.796648,,
1266,91.781256,,
1265,91.79828,,
1264,91.812402,,
1263,91.797298,,
1262,91.803787,,
1261,91.799938,,
1260,91.830776,,
1259,91.830797,,
1258,91.798841,,
1257,91.791877,,
1256,91.786406,,
1255,91.799779,,
1254,91.810983,,
1253,91.812929,,
1252,91.793257,,
1251,91.783418,,
1250,91.77269,,
1249,91.75466,,
1248,91.758332,,
1247,91.77113,,
1246,91.785271,,
1245,91.796958,,
1244,91.795502,,
1243,91.799854,,
1242,91.802013,,
1241,91.788375,,
1240,91.814825,,
1239,91.816031,,
1238,91.793779,,
1237,91.789693,,
1236,91.775089,,
1235,91.771155,,
1234,91.777577,,
1233,91.772953,,
1232,91.783786,,
1231,91.788233,,
1230,91.797255,,
1229,91.790158,,
1228,91.805002,,
1227,91.782626,,
1226,91.77543,,
1225,91.774893,,
1224,91.762224,,
1223,91.765307,,
1222,91.764267,,
1221,91.764978,,
1220,91.775963,,
1219,91.754411,,
1218,91.751184,,
1217,91.736996,,
1216,91.761636,,
1215,91.766698,,
1214,91.774519,,
1213,91.766811,,
1212,91.761851,,
1211,91.76748,,
1210,91.77492,,
1209,91.772691,,
1208,91.759247,,
1207,91.771972,,
1206,91.770124,,
1205,91.761826,,
1204,91.770137,,
1203,91.760099,,
1202,91.75111,,
1201,91.747637,,
1200,91.742765,,
1199,91.74427,,
1198,91.736498,,
1197,91.732459,,
1196,91.731171,,
1195,91.720632,,
1194,91.709453,,
1193,91.707823,,
1192,91.732246,,
1191,91.736678,,
1190,91.750493,,
1189,91.744923,,
1188,91.73585,,
1187,91.712669,,
1186,91.712572,,
1185,91.727932,,
1184,91.73121,,
1183,91.70739,,
1182,91.725941,,
1181,91.731187,,
1180,91.727336,,
1179,91.716586,,
1178,91.713843,,
1177,91.705709,,
1176,91.706883,,
1175,91.692624,,
1174,91.715493,,
1173,91.709908,,
1172,91.717683,,
1171,91.724977,,
1170,91.713722,,
1169,91.726984,,
1168,91.718199,,
1167,91.71224,,
1166,91.711154,,
1165,91.70842,,
1164,91.700404,,
1163,91.699097,,
1162,91.718352,,
1161,91.709304,,
1160,91.683617,,
1159,91.689407,,
1158,91.688912,,
1157,91.698014,,
1156,91.690032,,
1155,91.684632,,
1154,91.687535,,
1153,91.672063,,
1152,91.685719,,
1151,91.691348,,
1150,91.682995,,
1149,91.678528,,
1148,91.68688,,
1147,91.694408,,
1146,91.714777,,
1145,91.676182,,
1144,91.658421,,
1143,91.666623,,
1142,91.682959,,
1141,91.689727,,
1140,91.685277,,
1139,91.666832,,
1138,91.664903,,
1137,91.681871,,
1136,91.689385,,
1135,91.667075,,
1134,91.673485,,
1133,91.6603,,
1132,91.669385,,
1131,91.728751,,
1130,91.691782,,
1129,91.676506,,
1128,91.664001,,
1127,91.674611,,
1126,91.64217,,
1125,91.652464,,
1124,91.670417,,
1123,91.668394,,
1122,91.642056,,
1121,91.659166,,
1120,91.65059,,
1119,91.656284,,
1118,91.676981,,
1117,91.672484,,
1116,91.659488,,
1115,91.660269,,
1114,91.661693,,
1113,91.670764,,
1112,91.658994,,
1111,91.658326,,
1110,91.663447,,
1109,91.654762,,
1108,91.659396,,
1107,91.662944,,
1106,91.66776,,
1105,91.659065,,
1104,91.654702,,
1103,91.653183,,
1102,91.65118,,
1101,91.645716,,
1100,91.683195,,
1099,91.657436,,
1098,91.645222,,
1097,91.662703,,
1096,91.649216,,
1095,91.656726,,
1094,91.669989,,
1093,91.674751,,
1092,91.645348,,
1091,91.650674,,
1090,91.615624,,
1089,91.681316,,
1088,91.668965,,
1087,91.676978,,
1086,91.674844,,
1085,91.663805,,
1084,91.651486,,
1083,91.652915,,
1082,91.657275,,
1081,91.640083,,
1080,91.630074,,
1079,91.626712,,
1078,91.63102,,
1077,91.622386,,
1076,91.618351,,
1075,91.635796,,
1074,91.649031,,
1073,91.656618,,
1072,91.633366,,
1071,91.673985,,
1070,91.651098,,
1069,91.668773,,
1068,91.655086,,
1067,91.648602,,
1066,91.619327,,
1065,91.629452,,
1064,91.639202,,
1063,91.650554,,
1062,91.613464,,
1061,91.627422,,
1060,91.641734,,
1059,91.651163,,
1058,91.643547,,
1057,91.646129,,
1056,91.651952,,
1055,91.652038,,
1054,91.651737,,
1053,91.652836,,
1052,91.664084,,
1051,91.646175,,
1050,91.628276,,
1049,91.629462,,
1048,91.653574,,
1047,91.649791,,
1046,91.636786,,
1045,91.607179,,
1044,91.618497,,
1043,91.605776,,
1042,91.61306,,
1041,91.62287,,
1040,91.634765,,
1039,91.645194,,
1038,91.655144,,
1037,91.668555,,
1036,91.640092,,
1035,91.631818,,
1034,91.629283,,
1033,91.626108,,
1032,91.592932,,
1031,91.621632,,
1030,91.648964,,
1029,91.637711,,
1028,91.628548,,
1027,91.652263,,
1026,91.616972,,
1025,91.651438,,
1024,91.655927,,
1023,91.645837,,
1022,91.636201,,
1021,91.641303,,
1020,91.635615,,
1019,91.631296,,
1018,91.635881,,
1017,91.633594,,
1016,91.652082,,
1015,91.631848,,
1014,91.635151,,
1013,91.641535,,
1012,91.638885,,
1011,91.634666,,
1010,91.636478,,
1009,91.650049,,
1008,91.660181,,
1007,91.68786,,
1006,91.649164,,
1005,91.644107,,
1004,91.648601,,
1003,91.642262,,
1002,91.629176,,
1001,91.629192,,
1000,91.635376,,
999,91.63299,,
998,91.626056,,
997,91.663843,,
996,91.631496,,
995,91.629603,,
994,91.608384,,
993,91.665107,,
992,91.631035,,
991,91.612378,,
990,91.641833,,
989,91.633867,,
988,91.643894,,
987,91.613128,,
986,91.608312,,
985,91.655112,,
984,91.660837,,
983,91.628972,,
982,91.608941,,
981,91.62802,,
980,91.61894,,
979,91.629447,,
978,91.622424,,
977,91.645695,,
976,91.644507,,
975,91.639581,,
974,91.625651,,
973,91.658254,,
972,91.670757,,
971,91.660203,,
970,91.658574,,
969,91.650126,,
968,91.63634,,
967,91.654291,,
966,91.663001,,
965,91.641247,,
964,91.6382,,
963,91.645465,,
962,91.646998,,
961,91.630234,,
960,91.630229,,
959,91.641511,,
958,91.637443,,
957,91.635775,,
956,91.622771,,
955,91.621942,,
954,91.632551,,
953,91.63109,,
952,91.662056,,
951,91.662489,,
950,91.669726,,
949,91.66086,,
948,91.665141,,
947,91.662203,,
946,91.662871,,
945,91.652541,,
944,91.649233,,
943,91.653096,,
942,91.641078,,
941,91.647696,,
940,91.645981,,
939,91.682614,,
938,91.664353,,
937,91.64101,,
936,91.651806,,
935,91.682891,,
934,91.709164,,
933,91.676565,,
932,91.644585,,
931,91.677285,,
930,91.686975,,
929,91.669865,,
928,91.693201,,
927,91.669041,,
926,91.655547,,
925,91.64377,,
924,91.644616,,
923,91.687137,,
922,91.690826,,
921,91.667516,,
920,91.654733,,
919,91.623041,,
918,91.637223,,
917,91.676513,,
916,91.668019,,
915,91.671008,,
914,91.662109,,
913,91.659544,,
912,91.653339,,
911,91.660921,,
910,91.679475,,
909,91.649668,,
908,91.652178,,
907,91.669527,,
906,91.670618,,
905,91.656528,,
904,91.65801,,
903,91.654017,,
902,91.651476,,
901,91.64989,,
900,91.640899,,
899,91.646026,,
898,91.649597,,
897,91.666372,,
896,91.664942,,
895,91.636004,,
894,91.626404,,
893,91.61891,,
892,91.637344,,
891,91.671338,,
890,91.684845,,
889,91.665904,,
888,91.638947,,
887,91.644638,,
886,91.659906,,
885,91.660556,,
884,91.646369,,
883,91.63232,,
882,91.639503,,
881,91.653838,,
880,91.663156,,
879,91.672683,,
878,91.658301,,
877,91.63387,,
876,91.643015,,
875,91.66247,,
874,91.663268,,
873,91.665236,,
872,91.657423,,
871,91.651033,,
870,91.654049,,
869,91.660969,,
868,91.648133,,
867,91.638098,,
866,91.638061,,
865,91.636013,,
864,91.643581,,
863,91.628951,,
862,91.630602,,
861,91.646549,,
860,90.888614,,
859,90.318667,,
858,90.34696,,
857,90.359027,,
856,90.31427,,
855,90.322869,,
854,90.368323,,
853,90.411828,,
852,90.42594,,
851,90.413925,,
850,90.418695,,
849,90.477125,,
848,90.493447,,
847,90.420063,,
846,90.443076,,
845,90.485008,,
844,90.498714,,
843,90.471536,,
842,90.493845,,
841,90.471882,,
840,90.498209,,
839,90.514874,,
838,90.494639,,
837,90.480917,,
836,90.50199,,
835,90.506804,,
834,90.510196,,
833,90.543271,,
832,90.530337,,
831,90.516373,,
830,90.533835,,
829,90.48738,,
828,90.508839,,
827,90.527545,,
826,90.506873,,
825,90.526188,,
824,90.521734,,
823,90.514586,,
822,90.558126,,
821,90.546215,,
820,90.503674,,
819,90.50343,,
818,90.516233,,
817,90.500783,,
816,90.515759,,
815,90.551473,,
814,90.513574,,
813,90.523016,,
812,90.524381,,
811,90.507293,,
810,90.527193,,
809,90.529216,,
808,90.489975,,
807,90.52374,,
806,90.541831,,
805,90.515391,,
804,90.512458,,
803,90.529105,,
802,90.510089,,
801,90.533791,,
800,90.538913,,
799,90.522502,,
798,90.544508,,
797,90.534662,,
796,90.528025,,
795,90.539503,,
794,90.543675,,
793,90.499042,,
792,90.509348,,
791,90.539544,,
790,90.502964,,
789,90.536275,,
788,90.561731,,
787,90.567959,,
786,90.555575,,
785,90.553682,,
784,90.527553,,
783,90.550951,,
782,90.56036,,
781,90.524817,,
780,90.530568,,
779,90.547152,,
778,90.533375,,
777,90.570097,,
776,90.608946,,
775,90.5512,,
774,90.560828,,
773,90.554117,,
772,90.534669,,
771,90.577107,,
770,90.586838,,
769,90.538189,,
768,90.536083,,
767,90.562879,,
766,90.510672,,
765,90.574947,,
764,90.588752,,
763,90.538316,,
762,90.563996,,
761,90.569877,,
760,90.545353,,
759,90.587689,,
758,90.574964,,
757,90.53092,,
756,90.556783,,
755,90.584736,,
754,90.531016,,
753,90.581693,,
752,90.579297,,
751,90.542619,,
750,90.564243,,
749,90.581723,,
748,90.534574,,
747,90.589437,,
746,90.599391,,
745,90.552796,,
744,90.558427,,
743,90.590314,,
742,90.534127,,
741,90.585621,,
740,90.590263,,
739,90.542088,,
738,90.550297,,
737,90.556574,,
736,90.506149,,
735,90.549129,,
734,90.555923,,
733,90.541401,,
732,90.550741,,
731,90.542309,,
730,90.51542,,
729,90.574791,,
728,90.578373,,
727,90.533234,,
726,90.543998,,
725,90.531395,,
724,90.513376,,
723,90.564073,,
722,90.564172,,
721,90.507958,,
720,90.539198,,
719,90.549368,,
718,90.491964,,
717,90.564756,,
716,90.582113,,
715,90.523857,,
714,90.52487,,
713,90.527029,,
712,90.486715,,
711,90.553117,,
710,90.544636,,
709,90.505122,,
708,90.546862,,
707,90.534242,,
706,90.470591,,
705,90.561194,,
704,90.523023,,
703,90.463963,,
702,90.512308,,
701,90.525341,,
700,90.468509,,
699,90.530792,,
698,90.528901,,
697,90.473723,,
696,90.49099,,
695,90.503618,,
694,90.447067,,
693,90.512598,,
692,90.516143,,
691,90.482351,,
690,90.496829,,
689,90.491457,,
688,90.418999,,
687,90.466686,,
686,90.492506,,
685,90.419883,,
684,90.465236,,
683,90.457557,,
682,90.404381,,
681,90.444296,,
680,90.487475,,
679,90.413514,,
678,90.46735,,
677,90.437546,,
676,90.38175,,
675,90.449043,,
674,90.427077,,
673,90.374921,,
672,90.406768,,
671,90.398895,,
670,90.329235,,
669,90.402765,,
668,90.403965,,
667,90.348736,,
666,90.380015,,
665,90.375659,,
664,90.32158,,
663,90.376526,,
662,90.366735,,
661,90.30634,,
660,90.346274,,
659,90.308694,,
658,90.277791,,
657,90.321704,,
656,90.339737,,
655,90.270689,,
654,90.325641,,
653,90.309892,,
652,90.271512,,
651,90.309966,,
650,90.326604,,
649,90.252057,,
648,90.316388,,
647,90.311263,,
646,90.267813,,
645,90.304221,,
644,90.315145,,
643,90.302767,,
642,90.322825,,
641,90.292678,,
640,90.255147,,
639,90.311127,,
638,90.322919,,
637,90.260612,,
636,90.297666,,
635,90.306466,,
634,90.256874,,
633,90.314828,,
632,90.334612,,
631,90.292462,,
630,90.313528,,
629,90.302533,,
628,90.265447,,
627,90.31915,,
626,90.350207,,
625,90.30804,,
624,90.310866,,
623,90.311147,,
622,90.283747,,
621,90.352911,,
620,90.355243,,
619,90.302427,,
618,90.335214,,
617,90.32241,,
616,90.305643,,
615,90.3643,,
614,90.359611,,
613,90.31364,,
612,90.343986,,
611,90.334506,,
610,90.317131,,
609,90.378942,,
608,90.373744,,
607,90.324722,,
606,90.36177,,
605,90.342432,,
604,90.325769,,
603,90.390896,,
602,90.382692,,
601,90.338373,,
600,90.369803,,
599,90.33233,,
598,90.331725,,
597,90.375278,,
596,90.371918,,
595,90.343558,,
594,90.380156,,
593,90.353811,,
592,90.328888,,
591,90.398745,,
590,90.394861,,
589,90.344328,,
588,90.380964,,
587,90.367501,,
586,90.334871,,
585,90.382397,,
584,90.406285,,
583,90.369953,,
582,90.383407,,
581,90.370737,,
580,90.355751,,
579,90.404612,,
578,90.396212,,
577,90.36812,,
576,90.38805,,
575,90.375992,,
574,90.357683,,
573,90.405947,,
572,90.384541,,
571,90.35549,,
570,90.371432,,
569,90.372841,,
568,90.355254,,
567,90.410323,,
566,90.382948,,
565,90.34722,,
564,90.3712,,
563,90.357226,,
562,90.344523,,
561,90.367294,,
560,90.340042,,
559,90.371971,,
558,90.367826,,
557,90.338703,,
556,90.375968,,
555,90.35562,,
554,90.335022,,
553,90.382169,,
552,90.35527,,
551,90.339207,,
550,90.365684,,
549,90.330651,,
548,90.31388,,
547,90.338255,,
546,90.318792,,
545,90.294619,,
544,90.303242,,
543,90.293162,,
542,90.309817,,
541,90.345844,,
540,90.323921,,
539,90.284287,,
538,90.29417,,
537,90.313795,,
536,90.292711,,
535,90.324322,,
534,90.302831,,
533,90.276351,,
532,90.29617,,
531,90.272362,,
530,90.264393,,
529,90.29467,,
528,90.27306,,
527,90.254519,,
526,90.278933,,
525,90.244733,,
524,90.23328,,
523,90.276074,,
522,90.259715,,
521,90.241074,,
520,90.26081,,
519,90.226552,,
518,90.21578,,
517,90.244957,,
516,90.218186,,
515,90.197162,,
514,90.229836,,
513,90.211866,,
512,90.188895,,
511,90.210729,,
510,90.189029,,
509,90.1652,,
508,90.172143,,
507,90.142915,,
506,90.132867,,
505,90.163177,,
504,90.136367,,
503,90.103529,,
502,90.115804,,
501,90.09335,,
500,90.098317,,
499,90.140879,,
498,90.103267,,
497,90.065103,,
496,90.069119,,
495,90.044718,,
494,90.039571,,
493,90.057789,,
492,90.026912,,
491,90.021023,,
490,90.036376,,
489,89.991018,,
488,89.988286,,
487,90.020875,,
486,89.981312,,
485,89.967428,,
484,89.98778,,
483,89.950409,,
482,89.96224,,
481,89.987411,,
480,89.938762,,
479,89.916434,,
478,89.924463,,
477,89.889379,,
476,89.89611,,
475,89.92525,,
474,89.877979,,
473,89.855076,,
472,89.87187,,
471,89.846216,,
470,89.860536,,
469,89.882933,,
468,89.830834,,
467,89.821264,,
466,89.83528,,
465,89.785293,,
464,89.788253,,
463,89.808259,,
462,89.751743,,
461,89.733588,,
460,89.74418,,
459,89.705607,,
458,89.716705,,
457,89.73442,,
456,89.669097,,
455,89.645864,,
454,89.644396,,
453,89.597426,,
452,89.606726,,
451,89.627522,,
450,89.567323,,
449,89.544713,,
448,89.536304,,
447,89.488141,,
446,89.506346,,
445,89.523829,,
444,89.463522,,
443,89.454372,,
442,89.472768,,
441,89.429005,,
440,89.454446,,
439,89.486808,,
438,89.442879,,
437,89.429168,,
436,89.445628,,
435,89.400634,,
434,89.435111,,
433,89.475741,,
432,89.433631,,
431,89.440219,,
430,89.466873,,
429,89.426792,,
428,89.450563,,
427,89.495379,,
426,89.44649,,
425,89.42262,,
424,89.438114,,
423,89.40421,,
422,89.408496,,
421,89.442256,,
420,89.425448,,
419,89.415148,,
418,89.419703,,
417,89.387337,,
416,89.407785,,
415,89.433847,,
414,89.397732,,
413,89.416436,,
412,89.435219,,
411,89.399497,,
410,89.429142,,
409,89.456595,,
408,89.419271,,
407,89.430489,,
406,89.436276,,
405,89.393391,,
404,89.423542,,
403,89.444009,,
402,89.390844,,
401,89.380796,,
400,89.363772,,
399,89.285026,,
398,89.288534,,
397,89.28665,,
396,89.186605,,
395,89.136111,,
394,89.079076,,
393,88.983813,,
392,88.930926,,
391,88.845738,,
390,88.701325,,
389,88.606947,,
388,88.470218,,
387,88.273444,,
386,88.164573,,
385,88.02817,,
384,87.80449,,
383,87.653746,,
382,87.514245,,
381,87.321586,,
380,87.238077,,
379,87.174469,,
378,87.097363,,
377,87.069511,,
376,87.095551,,
375,87.137088,,
374,87.120014,,
373,87.131194,,
372,87.082775,,
371,87.009378,,
370,86.945166,,
369,86.835182,,
368,86.663003,,
367,86.485812,,
366,86.290926,,
365,86.007628,,
364,85.791028,,
363,85.559932,,
362,85.222121,,
361,84.928714,,
360,84.582825,,
359,84.128875,,
358,83.745956,,
357,83.310117,,
356,82.769317,,
355,82.24832,,
354,81.689524,,
353,81.054285,,
352,80.427777,,
351,79.743579,,
350,78.933685,,
349,78.110327,,
348,77.235381,,
347,76.235468,,
346,75.230229,,
345,74.137685,,
344,72.931328,,
343,71.721041,,
342,70.394606,,
341,68.943721,,
340,67.434736,,
339,65.807042,,
338,64.01764,,
337,62.192291,,
336,60.230954,,
335,58.16785,,
334,56.051623,,
333,53.910605,,
332,51.588695,,
331,49.209623,,
330,46.692684,,
329,44.040104,,
328,41.388574,,
327,38.63103,,
326,35.836159,,
325,33.120367,,
324,30.372086,,
323,27.677068,,
322,25.047642,,
321,22.412351,,
320,19.826672,,
319,17.354276,,
318,15.145825,,
317,12.973607,,
316,10.991031,,
315,9.208046,,
314,7.610028,,
313,6.241861,,
312,5.044829,,
311,4.022093,,
310,3.183359,,
309,2.507846,,
308,1.976674,,
307,1.583768,,
306,1.294547,,
305,1.090644,,
304,0.95165,,
303,0.868304,,
302,0.807658,,
301,0.776364,,
300,0.758992,,
299,0.746867,,
298,0.737441,,
297,0.740087,,
296,0.733806,,
295,0.735198,,
294,0.734426,,
293,0.729161,,
292,0.729037,,
291,0.737556,,
290,0.738217,,
289,0.736815,,
288,0.733141,,
287,0.730354,,
286,0.730148,,
285,0.732153,,
284,0.729432,,
283,0.731673,,
282,0.731401,,
281,0.727026,,
280,0.723799,,
279,0.726554,,
278,0.727953,,
277,0.729398,,
276,0.728069,,
275,0.72611,,
274,0.719124,,
273,0.725091,,
272,0.721701,,
271,0.726164,,
270,0.725003,,
269,0.722589,,
268,0.723968,,
267,0.72893,,
266,0.724473,,
265,0.729301,,
264,0.72661,,
263,0.727647,,
262,0.725289,,
261,0.728043,,
260,0.726162,,
259,0.729639,,
258,0.727844,,
257,0.7253,,
256,0.723204,,
255,0.72827,,
254,0.723606,,
253,0.727732,,
252,0.72678,,
251,0.725915,,
250,0.724205,,
249,0.724101,,
248,0.723951,,
247,0.725701,,
246,0.723596,,
245,0.720183,,
244,0.719432,,
243,0.728109,,
242,0.724928,,
241,0.724585,,
240,0.724325,,
239,0.723288,,
238,0.721624,,
237,0.725542,,
236,0.726562,,
235,0.730281,,
234,0.729139,,
233,0.7291,,
232,0.728956,,
231,0.730018,,
230,0.732664,,
229,0.735135,,
228,0.734367,,
227,0.732949,,
226,0.731217,,
225,0.735352,,
224,0.73502,,
223,0.738612,,
222,0.738024,,
221,0.737234,,
220,0.73837,,
219,0.743842,,
218,0.745452,,
217,0.749188,,
216,0.748324,,
215,0.748436,,
214,0.750571,,
213,0.756852,,
212,0.756621,,
211,0.75914,,
210,0.759227,,
209,0.762234,,
208,0.763223,,
207,0.769511,,
206,0.772415,,
205,0.777389,,
204,0.778443,,
203,0.779817,,
202,0.785442,,
201,0.791946,,
200,0.789605,,